user_id,name,phone,email,city,lat,lon,language,opt_in_alerts,data_source
CIT-00000,Anaya Reddy,+91-00000-00000,user00000@example.org,Lucknow,26.83545,80.93249,kn,True,synthetic_demo
CIT-00001,Nisha Khan,+91-00000-00001,user00001@example.org,Mumbai,19.1152,72.84472,en,True,synthetic_demo
CIT-00002,Isha Reddy,+91-00000-00002,user00002@example.org,Bhubaneswar,20.32468,85.83311,ta,True,synthetic_demo
CIT-00003,Vihaan Bose,+91-00000-00003,user00003@example.org,Patna,25.6347,85.12828,kn,True,synthetic_demo
CIT-00004,Isha Reddy,+91-00000-00004,user00004@example.org,Mumbai,19.08094,72.89079,hi,True,synthetic_demo
CIT-00005,Kabir Rao,+91-00000-00005,user00005@example.org,Hyderabad,17.3398,78.40085,te,True,synthetic_demo
CIT-00006,Vihaan Nair,+91-00000-00006,user00006@example.org,Jaipur,26.88953,75.84932,te,True,synthetic_demo
CIT-00007,Rohan Gowda,+91-00000-00007,user00007@example.org,Lucknow,26.82798,81.03149,en,True,synthetic_demo
CIT-00008,Kabir Khan,+91-00000-00008,user00008@example.org,Pune,18.54897,73.8581,ta,True,synthetic_demo
CIT-00009,Vihaan Singh,+91-00000-00009,user00009@example.org,Visakhapatnam,17.6941,83.17928,hi,True,synthetic_demo
CIT-00010,Diya Gowda,+91-00000-00010,user00010@example.org,Bengaluru,13.05357,77.66836,hi,True,synthetic_demo
CIT-00011,Arjun Singh,+91-00000-00011,user00011@example.org,Lucknow,26.84808,80.92987,hi,True,synthetic_demo
CIT-00012,Arjun Patil,+91-00000-00012,user00012@example.org,Mumbai,19.06244,72.91838,hi,True,synthetic_demo
CIT-00013,Kabir Sharma,+91-00000-00013,user00013@example.org,Nagpur,21.05913,79.14835,kn,True,synthetic_demo
CIT-00014,Aarav Nair,+91-00000-00014,user00014@example.org,Pune,18.51764,73.87127,ta,True,synthetic_demo
CIT-00015,Arjun Patil,+91-00000-00015,user00015@example.org,Delhi,28.63526,77.09623,hi,True,synthetic_demo
CIT-00016,Anaya Rao,+91-00000-00016,user00016@example.org,Puri,19.82163,85.84624,en,True,synthetic_demo
CIT-00017,Vihaan Bose,+91-00000-00017,user00017@example.org,Mysuru,12.26709,76.64657,hi,True,synthetic_demo
CIT-00018,Diya Rao,+91-00000-00018,user00018@example.org,Patna,25.57627,85.08126,kn,True,synthetic_demo
CIT-00019,Meera Mehta,+91-00000-00019,user00019@example.org,Kolkata,22.43774,88.20806,en,True,synthetic_demo
CIT-00020,Diya Nair,+91-00000-00020,user00020@example.org,Bhubaneswar,20.32404,85.81723,ta,True,synthetic_demo
CIT-00021,Meera Das,+91-00000-00021,user00021@example.org,Visakhapatnam,17.7151,83.21267,ta,True,synthetic_demo
CIT-00022,Isha Nair,+91-00000-00022,user00022@example.org,Pune,18.50728,73.95484,te,True,synthetic_demo
CIT-00023,Isha Khan,+91-00000-00023,user00023@example.org,Delhi,28.63461,77.28556,hi,True,synthetic_demo
CIT-00024,Kabir Nair,+91-00000-00024,user00024@example.org,Guwahati,26.14772,91.73167,ta,True,synthetic_demo
CIT-00025,Isha Rao,+91-00000-00025,user00025@example.org,Jaipur,26.81198,75.67153,ta,True,synthetic_demo
CIT-00026,Diya Iyer,+91-00000-00026,user00026@example.org,Jaipur,26.89532,75.7985,hi,True,synthetic_demo
CIT-00027,Meera Iyer,+91-00000-00027,user00027@example.org,Chennai,13.18792,80.40922,hi,True,synthetic_demo
CIT-00028,Kabir Nair,+91-00000-00028,user00028@example.org,Pune,18.55477,73.83826,kn,True,synthetic_demo
CIT-00029,Saanvi Nair,+91-00000-00029,user00029@example.org,Jaipur,27.04332,75.80851,hi,True,synthetic_demo
CIT-00030,Anaya Reddy,+91-00000-00030,user00030@example.org,Visakhapatnam,17.82705,83.30282,hi,True,synthetic_demo
CIT-00031,Nisha Khan,+91-00000-00031,user00031@example.org,Puri,19.7272,85.78684,kn,True,synthetic_demo
CIT-00032,Meera Das,+91-00000-00032,user00032@example.org,Nagpur,21.09667,79.08132,en,True,synthetic_demo
CIT-00033,Anaya Das,+91-00000-00033,user00033@example.org,Bhubaneswar,20.30517,85.81711,hi,True,synthetic_demo
CIT-00034,Diya Reddy,+91-00000-00034,user00034@example.org,Hyderabad,17.38182,78.48043,ta,True,synthetic_demo
CIT-00035,Anaya Mehta,+91-00000-00035,user00035@example.org,Patna,25.6256,85.16568,kn,True,synthetic_demo
CIT-00036,Aarav Das,+91-00000-00036,user00036@example.org,Kolkata,22.33836,88.273,te,True,synthetic_demo
CIT-00037,Anaya Gowda,+91-00000-00037,user00037@example.org,Visakhapatnam,17.65591,83.29069,kn,True,synthetic_demo
CIT-00038,Arjun Iyer,+91-00000-00038,user00038@example.org,Jaipur,26.91018,75.85329,en,True,synthetic_demo
CIT-00039,Aarav Rao,+91-00000-00039,user00039@example.org,Guwahati,26.06009,91.77679,te,True,synthetic_demo
CIT-00040,Vihaan Rao,+91-00000-00040,user00040@example.org,Mumbai,19.08673,72.8684,hi,True,synthetic_demo
CIT-00041,Meera Patil,+91-00000-00041,user00041@example.org,Visakhapatnam,17.69138,83.18392,kn,True,synthetic_demo
CIT-00042,Diya Sharma,+91-00000-00042,user00042@example.org,Lucknow,26.84637,80.92773,te,True,synthetic_demo
CIT-00043,Kabir Bose,+91-00000-00043,user00043@example.org,Nagpur,21.2458,79.19254,en,True,synthetic_demo
CIT-00044,Kabir Das,+91-00000-00044,user00044@example.org,Mysuru,12.23926,76.59771,kn,True,synthetic_demo
CIT-00045,Anaya Nair,+91-00000-00045,user00045@example.org,Nagpur,21.14621,79.08812,en,True,synthetic_demo
CIT-00046,Aarav Sharma,+91-00000-00046,user00046@example.org,Patna,25.59503,85.14566,ta,True,synthetic_demo
CIT-00047,Diya Khan,+91-00000-00047,user00047@example.org,Nagpur,21.0776,79.08529,hi,True,synthetic_demo
CIT-00048,Kabir Rao,+91-00000-00048,user00048@example.org,Puri,19.82723,85.78993,ta,True,synthetic_demo
CIT-00049,Diya Sharma,+91-00000-00049,user00049@example.org,Pune,18.55484,73.89246,kn,True,synthetic_demo
CIT-00050,Meera Das,+91-00000-00050,user00050@example.org,Nagpur,21.10236,79.09155,te,True,synthetic_demo
CIT-00051,Meera Gowda,+91-00000-00051,user00051@example.org,Guwahati,26.15884,91.72803,hi,True,synthetic_demo
CIT-00052,Saanvi Reddy,+91-00000-00052,user00052@example.org,Delhi,28.62542,77.2193,hi,True,synthetic_demo
CIT-00053,Nisha Reddy,+91-00000-00053,user00053@example.org,Bengaluru,12.88314,77.53206,te,True,synthetic_demo
CIT-00054,Isha Gowda,+91-00000-00054,user00054@example.org,Puri,19.81657,85.81647,en,True,synthetic_demo
CIT-00055,Anaya Patil,+91-00000-00055,user00055@example.org,Hyderabad,17.4632,78.21546,hi,True,synthetic_demo
CIT-00056,Saanvi Das,+91-00000-00056,user00056@example.org,Mysuru,12.38961,76.53414,hi,True,synthetic_demo
CIT-00057,Rohan Mehta,+91-00000-00057,user00057@example.org,Delhi,28.60027,77.2168,te,True,synthetic_demo
CIT-00058,Isha Mehta,+91-00000-00058,user00058@example.org,Kolkata,22.57456,88.52689,ta,True,synthetic_demo
CIT-00059,Anaya Nair,+91-00000-00059,user00059@example.org,Lucknow,26.92982,81.01879,hi,True,synthetic_demo
CIT-00060,Diya Mehta,+91-00000-00060,user00060@example.org,Bhubaneswar,20.32819,85.75696,en,True,synthetic_demo
CIT-00061,Nisha Singh,+91-00000-00061,user00061@example.org,Patna,25.60951,85.16672,en,True,synthetic_demo
CIT-00062,Diya Iyer,+91-00000-00062,user00062@example.org,Visakhapatnam,17.70817,83.2215,en,True,synthetic_demo
CIT-00063,Aarav Khan,+91-00000-00063,user00063@example.org,Pune,18.43619,73.79948,kn,True,synthetic_demo
CIT-00064,Meera Khan,+91-00000-00064,user00064@example.org,Pune,18.52039,73.8567,te,True,synthetic_demo
CIT-00065,Aarav Iyer,+91-00000-00065,user00065@example.org,Guwahati,26.22883,91.94132,kn,True,synthetic_demo
CIT-00066,Arjun Sharma,+91-00000-00066,user00066@example.org,Jaipur,26.85305,75.82593,kn,True,synthetic_demo
CIT-00067,Arjun Rao,+91-00000-00067,user00067@example.org,Patna,25.67148,85.20138,en,True,synthetic_demo
CIT-00068,Nisha Khan,+91-00000-00068,user00068@example.org,Puri,19.84737,85.85706,te,True,synthetic_demo
CIT-00069,Nisha Gowda,+91-00000-00069,user00069@example.org,Kolkata,22.5825,88.33228,ta,True,synthetic_demo
CIT-00070,Anaya Das,+91-00000-00070,user00070@example.org,Jaipur,26.92743,75.80632,hi,True,synthetic_demo
CIT-00071,Kiran Reddy,+91-00000-00071,user00071@example.org,Nagpur,21.12715,79.09296,ta,True,synthetic_demo
CIT-00072,Meera Rao,+91-00000-00072,user00072@example.org,Kolkata,22.70365,88.53523,hi,True,synthetic_demo
CIT-00073,Kabir Reddy,+91-00000-00073,user00073@example.org,Ahmedabad,22.95974,72.64628,kn,True,synthetic_demo
CIT-00074,Rohan Khan,+91-00000-00074,user00074@example.org,Puri,19.80759,85.8165,te,True,synthetic_demo
CIT-00075,Kiran Nair,+91-00000-00075,user00075@example.org,Kochi,9.83659,76.27887,hi,True,synthetic_demo
CIT-00076,Kiran Singh,+91-00000-00076,user00076@example.org,Nagpur,21.10729,79.0294,hi,True,synthetic_demo
CIT-00077,Saanvi Sharma,+91-00000-00077,user00077@example.org,Mysuru,12.281,76.70133,kn,True,synthetic_demo
CIT-00078,Vihaan Mehta,+91-00000-00078,user00078@example.org,Ahmedabad,23.02737,72.56506,ta,True,synthetic_demo
CIT-00079,Diya Singh,+91-00000-00079,user00079@example.org,Jaipur,26.90239,75.71446,te,True,synthetic_demo
CIT-00080,Diya Patil,+91-00000-00080,user00080@example.org,Mysuru,12.32734,76.63087,hi,True,synthetic_demo
CIT-00081,Anaya Rao,+91-00000-00081,user00081@example.org,Visakhapatnam,17.70973,83.13581,kn,True,synthetic_demo
CIT-00082,Saanvi Rao,+91-00000-00082,user00082@example.org,Kochi,9.95208,76.28172,hi,True,synthetic_demo
CIT-00083,Arjun Reddy,+91-00000-00083,user00083@example.org,Bengaluru,12.93415,77.60294,ta,True,synthetic_demo
CIT-00084,Anaya Rao,+91-00000-00084,user00084@example.org,Patna,25.42731,85.14671,te,True,synthetic_demo
CIT-00085,Diya Nair,+91-00000-00085,user00085@example.org,Lucknow,26.94506,81.04614,ta,True,synthetic_demo
CIT-00086,Isha Reddy,+91-00000-00086,user00086@example.org,Mysuru,12.30359,76.58758,kn,True,synthetic_demo
CIT-00087,Kiran Khan,+91-00000-00087,user00087@example.org,Mysuru,12.29714,76.62204,kn,True,synthetic_demo
CIT-00088,Meera Rao,+91-00000-00088,user00088@example.org,Guwahati,26.15963,91.7619,te,True,synthetic_demo
CIT-00089,Isha Iyer,+91-00000-00089,user00089@example.org,Guwahati,26.06528,91.8156,hi,True,synthetic_demo
CIT-00090,Nisha Rao,+91-00000-00090,user00090@example.org,Nagpur,21.15872,79.01624,kn,True,synthetic_demo
CIT-00091,Nisha Nair,+91-00000-00091,user00091@example.org,Jaipur,26.89714,75.70415,en,True,synthetic_demo
CIT-00092,Kiran Nair,+91-00000-00092,user00092@example.org,Kolkata,22.41989,88.17166,hi,True,synthetic_demo
CIT-00093,Vihaan Reddy,+91-00000-00093,user00093@example.org,Bengaluru,13.13599,77.60767,te,True,synthetic_demo
CIT-00094,Meera Sharma,+91-00000-00094,user00094@example.org,Puri,19.77899,85.84097,kn,True,synthetic_demo
CIT-00095,Nisha Patil,+91-00000-00095,user00095@example.org,Guwahati,26.16431,91.62514,te,True,synthetic_demo
CIT-00096,Kiran Sharma,+91-00000-00096,user00096@example.org,Bengaluru,12.95936,77.65261,en,True,synthetic_demo
CIT-00097,Nisha Gowda,+91-00000-00097,user00097@example.org,Jaipur,26.90612,75.77527,en,True,synthetic_demo
CIT-00098,Kiran Nair,+91-00000-00098,user00098@example.org,Kochi,9.98729,76.27779,en,True,synthetic_demo
CIT-00099,Anaya Das,+91-00000-00099,user00099@example.org,Lucknow,26.85802,80.98381,ta,True,synthetic_demo
CIT-00100,Aarav Khan,+91-00000-00100,user00100@example.org,Patna,25.6612,85.14014,ta,True,synthetic_demo
CIT-00101,Anaya Iyer,+91-00000-00101,user00101@example.org,Nagpur,21.15925,79.29021,en,True,synthetic_demo
CIT-00102,Anaya Bose,+91-00000-00102,user00102@example.org,Kochi,9.94559,76.26018,ta,True,synthetic_demo
CIT-00103,Kiran Rao,+91-00000-00103,user00103@example.org,Pune,18.59411,73.87675,en,True,synthetic_demo
CIT-00104,Arjun Rao,+91-00000-00104,user00104@example.org,Kochi,9.93097,76.25973,te,True,synthetic_demo
CIT-00105,Diya Sharma,+91-00000-00105,user00105@example.org,Visakhapatnam,17.67985,83.1434,kn,True,synthetic_demo
CIT-00106,Vihaan Singh,+91-00000-00106,user00106@example.org,Mumbai,19.23634,72.85647,en,True,synthetic_demo
CIT-00107,Saanvi Nair,+91-00000-00107,user00107@example.org,Mumbai,19.09079,72.88196,ta,True,synthetic_demo
CIT-00108,Kabir Patil,+91-00000-00108,user00108@example.org,Puri,19.83363,85.84511,te,True,synthetic_demo
CIT-00109,Isha Bose,+91-00000-00109,user00109@example.org,Ahmedabad,23.02684,72.54972,hi,True,synthetic_demo
CIT-00110,Diya Nair,+91-00000-00110,user00110@example.org,Visakhapatnam,17.71296,83.20881,hi,True,synthetic_demo
CIT-00111,Vihaan Rao,+91-00000-00111,user00111@example.org,Guwahati,26.09704,91.66421,en,True,synthetic_demo
CIT-00112,Arjun Rao,+91-00000-00112,user00112@example.org,Visakhapatnam,17.55671,83.31243,en,True,synthetic_demo
CIT-00113,Diya Gowda,+91-00000-00113,user00113@example.org,Nagpur,21.13049,79.18014,hi,True,synthetic_demo
CIT-00114,Saanvi Rao,+91-00000-00114,user00114@example.org,Pune,18.49981,73.83219,hi,True,synthetic_demo
CIT-00115,Kabir Mehta,+91-00000-00115,user00115@example.org,Lucknow,26.76127,80.88691,en,True,synthetic_demo
CIT-00116,Isha Rao,+91-00000-00116,user00116@example.org,Hyderabad,17.24758,78.51029,hi,True,synthetic_demo
CIT-00117,Arjun Gowda,+91-00000-00117,user00117@example.org,Bhubaneswar,20.29002,85.80367,ta,True,synthetic_demo
CIT-00118,Meera Iyer,+91-00000-00118,user00118@example.org,Jaipur,26.93466,75.68294,hi,True,synthetic_demo
CIT-00119,Saanvi Khan,+91-00000-00119,user00119@example.org,Guwahati,26.13422,91.74993,ta,True,synthetic_demo
CIT-00120,Kiran Reddy,+91-00000-00120,user00120@example.org,Ahmedabad,23.02789,72.56823,hi,True,synthetic_demo
CIT-00121,Anaya Patil,+91-00000-00121,user00121@example.org,Kolkata,22.53335,88.46297,hi,True,synthetic_demo
CIT-00122,Diya Khan,+91-00000-00122,user00122@example.org,Bengaluru,13.09447,77.65597,en,True,synthetic_demo
CIT-00123,Meera Reddy,+91-00000-00123,user00123@example.org,Mumbai,19.0578,72.91067,kn,True,synthetic_demo
CIT-00124,Vihaan Reddy,+91-00000-00124,user00124@example.org,Mumbai,19.30776,72.90042,te,True,synthetic_demo
CIT-00125,Rohan Reddy,+91-00000-00125,user00125@example.org,Puri,19.83191,85.85948,en,True,synthetic_demo
CIT-00126,Rohan Nair,+91-00000-00126,user00126@example.org,Guwahati,26.31272,91.68603,ta,True,synthetic_demo
CIT-00127,Meera Khan,+91-00000-00127,user00127@example.org,Puri,19.78669,85.76225,kn,True,synthetic_demo
CIT-00128,Saanvi Khan,+91-00000-00128,user00128@example.org,Patna,25.65796,85.14238,hi,True,synthetic_demo
CIT-00129,Diya Mehta,+91-00000-00129,user00129@example.org,Visakhapatnam,17.72342,83.28439,te,True,synthetic_demo
CIT-00130,Arjun Gowda,+91-00000-00130,user00130@example.org,Nagpur,21.20317,78.98992,en,True,synthetic_demo
CIT-00131,Isha Bose,+91-00000-00131,user00131@example.org,Guwahati,26.06275,91.80902,ta,True,synthetic_demo
CIT-00132,Isha Das,+91-00000-00132,user00132@example.org,Bengaluru,12.92689,77.60355,en,True,synthetic_demo
CIT-00133,Kiran Iyer,+91-00000-00133,user00133@example.org,Kolkata,22.74849,88.41886,kn,True,synthetic_demo
CIT-00134,Isha Sharma,+91-00000-00134,user00134@example.org,Chennai,12.84303,80.12232,en,True,synthetic_demo
CIT-00135,Kabir Singh,+91-00000-00135,user00135@example.org,Kolkata,22.58866,88.33781,ta,True,synthetic_demo
CIT-00136,Vihaan Reddy,+91-00000-00136,user00136@example.org,Puri,19.81424,85.82151,kn,True,synthetic_demo
CIT-00137,Arjun Das,+91-00000-00137,user00137@example.org,Mysuru,12.28301,76.66047,hi,True,synthetic_demo
CIT-00138,Anaya Nair,+91-00000-00138,user00138@example.org,Guwahati,26.14825,91.73061,te,True,synthetic_demo
CIT-00139,Saanvi Singh,+91-00000-00139,user00139@example.org,Hyderabad,17.47727,78.35397,hi,True,synthetic_demo
CIT-00140,Arjun Mehta,+91-00000-00140,user00140@example.org,Lucknow,26.85172,80.95057,te,True,synthetic_demo
CIT-00141,Saanvi Das,+91-00000-00141,user00141@example.org,Jaipur,26.94799,75.86886,en,True,synthetic_demo
CIT-00142,Aarav Nair,+91-00000-00142,user00142@example.org,Kolkata,22.63017,88.33332,kn,True,synthetic_demo
CIT-00143,Saanvi Iyer,+91-00000-00143,user00143@example.org,Delhi,28.65627,77.21122,ta,True,synthetic_demo
CIT-00144,Saanvi Bose,+91-00000-00144,user00144@example.org,Guwahati,26.24,91.72397,hi,True,synthetic_demo
CIT-00145,Anaya Das,+91-00000-00145,user00145@example.org,Nagpur,21.30592,78.96871,te,True,synthetic_demo
CIT-00146,Anaya Singh,+91-00000-00146,user00146@example.org,Jaipur,26.95542,75.73378,ta,True,synthetic_demo
CIT-00147,Isha Nair,+91-00000-00147,user00147@example.org,Pune,18.49839,73.84866,te,True,synthetic_demo
CIT-00148,Nisha Mehta,+91-00000-00148,user00148@example.org,Mumbai,19.02522,73.09647,ta,True,synthetic_demo
CIT-00149,Rohan Singh,+91-00000-00149,user00149@example.org,Jaipur,26.99441,75.87807,ta,True,synthetic_demo
CIT-00150,Isha Das,+91-00000-00150,user00150@example.org,Nagpur,21.16528,79.0863,te,True,synthetic_demo
CIT-00151,Rohan Iyer,+91-00000-00151,user00151@example.org,Kolkata,22.61291,88.20854,hi,True,synthetic_demo
CIT-00152,Anaya Iyer,+91-00000-00152,user00152@example.org,Guwahati,26.19336,91.70833,en,True,synthetic_demo
CIT-00153,Rohan Mehta,+91-00000-00153,user00153@example.org,Bengaluru,13.09577,77.63487,ta,True,synthetic_demo
CIT-00154,Vihaan Reddy,+91-00000-00154,user00154@example.org,Mysuru,12.30334,76.58801,ta,True,synthetic_demo
CIT-00155,Anaya Rao,+91-00000-00155,user00155@example.org,Puri,19.83981,85.84009,ta,True,synthetic_demo
CIT-00156,Kiran Das,+91-00000-00156,user00156@example.org,Kolkata,22.60403,88.36486,ta,True,synthetic_demo
CIT-00157,Aarav Gowda,+91-00000-00157,user00157@example.org,Guwahati,26.12039,91.75536,ta,True,synthetic_demo
CIT-00158,Kabir Khan,+91-00000-00158,user00158@example.org,Kolkata,22.68587,88.20088,te,True,synthetic_demo
CIT-00159,Meera Rao,+91-00000-00159,user00159@example.org,Patna,25.57291,85.12262,kn,True,synthetic_demo
CIT-00160,Kiran Reddy,+91-00000-00160,user00160@example.org,Guwahati,26.16043,91.77913,kn,True,synthetic_demo
CIT-00161,Vihaan Gowda,+91-00000-00161,user00161@example.org,Visakhapatnam,17.74539,83.05529,kn,True,synthetic_demo
CIT-00162,Rohan Iyer,+91-00000-00162,user00162@example.org,Mysuru,12.32108,76.66944,te,True,synthetic_demo
CIT-00163,Vihaan Nair,+91-00000-00163,user00163@example.org,Lucknow,26.83448,80.93687,te,True,synthetic_demo
CIT-00164,Isha Sharma,+91-00000-00164,user00164@example.org,Chennai,13.21219,80.42042,en,True,synthetic_demo
CIT-00165,Kabir Mehta,+91-00000-00165,user00165@example.org,Bhubaneswar,20.35824,85.83189,ta,True,synthetic_demo
CIT-00166,Rohan Mehta,+91-00000-00166,user00166@example.org,Lucknow,26.71316,81.0279,ta,True,synthetic_demo
CIT-00167,Arjun Patil,+91-00000-00167,user00167@example.org,Guwahati,26.14324,91.74259,kn,True,synthetic_demo
CIT-00168,Meera Mehta,+91-00000-00168,user00168@example.org,Ahmedabad,23.06995,72.53824,ta,True,synthetic_demo
CIT-00169,Saanvi Bose,+91-00000-00169,user00169@example.org,Chennai,13.0351,80.20032,kn,True,synthetic_demo
CIT-00170,Meera Sharma,+91-00000-00170,user00170@example.org,Hyderabad,17.55276,78.74741,hi,True,synthetic_demo
CIT-00171,Anaya Bose,+91-00000-00171,user00171@example.org,Kolkata,22.59271,88.2628,hi,True,synthetic_demo
CIT-00172,Nisha Nair,+91-00000-00172,user00172@example.org,Nagpur,21.12972,79.05458,en,True,synthetic_demo
CIT-00173,Arjun Das,+91-00000-00173,user00173@example.org,Chennai,13.12572,80.3036,te,True,synthetic_demo
CIT-00174,Arjun Mehta,+91-00000-00174,user00174@example.org,Pune,18.43444,73.89728,te,True,synthetic_demo
CIT-00175,Diya Singh,+91-00000-00175,user00175@example.org,Mysuru,12.43703,76.67758,en,True,synthetic_demo
CIT-00176,Isha Sharma,+91-00000-00176,user00176@example.org,Nagpur,21.05618,79.07846,en,True,synthetic_demo
CIT-00177,Diya Bose,+91-00000-00177,user00177@example.org,Lucknow,26.7761,81.01634,ta,True,synthetic_demo
CIT-00178,Kabir Iyer,+91-00000-00178,user00178@example.org,Visakhapatnam,17.68104,83.23632,hi,True,synthetic_demo
CIT-00179,Aarav Rao,+91-00000-00179,user00179@example.org,Delhi,28.74155,77.33272,en,True,synthetic_demo
CIT-00180,Arjun Patil,+91-00000-00180,user00180@example.org,Mumbai,18.89361,72.89043,hi,True,synthetic_demo
CIT-00181,Anaya Iyer,+91-00000-00181,user00181@example.org,Guwahati,26.14825,91.72972,kn,True,synthetic_demo
CIT-00182,Kabir Patil,+91-00000-00182,user00182@example.org,Ahmedabad,22.9237,72.58505,kn,True,synthetic_demo
CIT-00183,Meera Nair,+91-00000-00183,user00183@example.org,Mysuru,12.36082,76.60827,hi,True,synthetic_demo
CIT-00184,Vihaan Das,+91-00000-00184,user00184@example.org,Lucknow,26.87559,80.99105,en,True,synthetic_demo
CIT-00185,Nisha Khan,+91-00000-00185,user00185@example.org,Bengaluru,13.06936,77.60045,en,True,synthetic_demo
CIT-00186,Diya Rao,+91-00000-00186,user00186@example.org,Delhi,28.49574,77.08257,hi,True,synthetic_demo
CIT-00187,Saanvi Das,+91-00000-00187,user00187@example.org,Kolkata,22.57937,88.35373,te,True,synthetic_demo
CIT-00188,Saanvi Mehta,+91-00000-00188,user00188@example.org,Guwahati,26.15844,91.76163,te,True,synthetic_demo
CIT-00189,Meera Mehta,+91-00000-00189,user00189@example.org,Hyderabad,17.49651,78.42126,ta,True,synthetic_demo
CIT-00190,Nisha Rao,+91-00000-00190,user00190@example.org,Patna,25.54603,85.20074,kn,True,synthetic_demo
CIT-00191,Anaya Singh,+91-00000-00191,user00191@example.org,Guwahati,26.072,91.67699,hi,True,synthetic_demo
CIT-00192,Meera Reddy,+91-00000-00192,user00192@example.org,Jaipur,26.93943,75.8035,kn,True,synthetic_demo
CIT-00193,Aarav Bose,+91-00000-00193,user00193@example.org,Bhubaneswar,20.34271,85.90918,ta,True,synthetic_demo
CIT-00194,Vihaan Rao,+91-00000-00194,user00194@example.org,Hyderabad,17.37184,78.51742,hi,True,synthetic_demo
CIT-00195,Diya Sharma,+91-00000-00195,user00195@example.org,Kolkata,22.65173,88.47267,en,True,synthetic_demo
CIT-00196,Arjun Mehta,+91-00000-00196,user00196@example.org,Pune,18.52546,73.85642,en,True,synthetic_demo
CIT-00197,Nisha Singh,+91-00000-00197,user00197@example.org,Guwahati,26.14379,91.73573,te,True,synthetic_demo
CIT-00198,Kiran Iyer,+91-00000-00198,user00198@example.org,Mumbai,18.95271,72.84753,kn,True,synthetic_demo
CIT-00199,Aarav Patil,+91-00000-00199,user00199@example.org,Kochi,9.89691,76.24379,ta,True,synthetic_demo
CIT-00200,Kiran Rao,+91-00000-00200,user00200@example.org,Nagpur,21.22587,79.09804,kn,True,synthetic_demo
CIT-00201,Kiran Iyer,+91-00000-00201,user00201@example.org,Lucknow,26.84492,81.03135,hi,True,synthetic_demo
CIT-00202,Rohan Khan,+91-00000-00202,user00202@example.org,Guwahati,26.10379,91.64354,hi,True,synthetic_demo
CIT-00203,Anaya Mehta,+91-00000-00203,user00203@example.org,Kolkata,22.6097,88.3597,hi,True,synthetic_demo
CIT-00204,Aarav Nair,+91-00000-00204,user00204@example.org,Patna,25.59994,85.11585,hi,True,synthetic_demo
CIT-00205,Diya Rao,+91-00000-00205,user00205@example.org,Patna,25.61912,85.11454,ta,True,synthetic_demo
CIT-00206,Diya Reddy,+91-00000-00206,user00206@example.org,Visakhapatnam,17.72462,83.20872,en,True,synthetic_demo
CIT-00207,Kiran Patil,+91-00000-00207,user00207@example.org,Patna,25.67431,85.08312,hi,True,synthetic_demo
CIT-00208,Vihaan Patil,+91-00000-00208,user00208@example.org,Lucknow,26.84871,80.94404,hi,True,synthetic_demo
CIT-00209,Vihaan Mehta,+91-00000-00209,user00209@example.org,Mumbai,19.07052,72.82907,hi,True,synthetic_demo
CIT-00210,Diya Bose,+91-00000-00210,user00210@example.org,Puri,19.84138,85.81078,ta,True,synthetic_demo
CIT-00211,Diya Nair,+91-00000-00211,user00211@example.org,Guwahati,26.18179,91.8775,en,True,synthetic_demo
CIT-00212,Nisha Mehta,+91-00000-00212,user00212@example.org,Chennai,12.93574,80.41743,te,True,synthetic_demo
CIT-00213,Rohan Singh,+91-00000-00213,user00213@example.org,Jaipur,26.79179,76.07782,hi,True,synthetic_demo
CIT-00214,Rohan Singh,+91-00000-00214,user00214@example.org,Bhubaneswar,20.27521,85.80794,hi,True,synthetic_demo
CIT-00215,Kabir Khan,+91-00000-00215,user00215@example.org,Mumbai,19.05265,72.90172,en,True,synthetic_demo
CIT-00216,Diya Sharma,+91-00000-00216,user00216@example.org,Hyderabad,17.28739,78.25258,te,True,synthetic_demo
CIT-00217,Kabir Gowda,+91-00000-00217,user00217@example.org,Mysuru,12.29879,76.64159,te,True,synthetic_demo
CIT-00218,Meera Nair,+91-00000-00218,user00218@example.org,Bhubaneswar,20.3247,85.92284,hi,True,synthetic_demo
CIT-00219,Isha Sharma,+91-00000-00219,user00219@example.org,Mumbai,19.07406,72.91214,hi,True,synthetic_demo
CIT-00220,Nisha Bose,+91-00000-00220,user00220@example.org,Mumbai,18.94874,72.68635,en,True,synthetic_demo
CIT-00221,Meera Das,+91-00000-00221,user00221@example.org,Kolkata,22.56924,88.37648,te,True,synthetic_demo
CIT-00222,Kiran Patil,+91-00000-00222,user00222@example.org,Mysuru,12.36542,76.63247,te,True,synthetic_demo
CIT-00223,Aarav Iyer,+91-00000-00223,user00223@example.org,Ahmedabad,23.10953,72.68265,hi,True,synthetic_demo
CIT-00224,Diya Patil,+91-00000-00224,user00224@example.org,Puri,19.83471,85.79838,hi,True,synthetic_demo
CIT-00225,Diya Rao,+91-00000-00225,user00225@example.org,Guwahati,26.14404,91.76118,te,True,synthetic_demo
CIT-00226,Saanvi Bose,+91-00000-00226,user00226@example.org,Bhubaneswar,20.29288,85.78793,kn,True,synthetic_demo
CIT-00227,Rohan Sharma,+91-00000-00227,user00227@example.org,Lucknow,26.84753,80.93137,kn,True,synthetic_demo
CIT-00228,Nisha Reddy,+91-00000-00228,user00228@example.org,Ahmedabad,23.04016,72.58958,en,True,synthetic_demo
CIT-00229,Meera Gowda,+91-00000-00229,user00229@example.org,Bhubaneswar,20.32691,85.7771,hi,True,synthetic_demo
CIT-00230,Isha Rao,+91-00000-00230,user00230@example.org,Mumbai,19.0794,72.9998,te,True,synthetic_demo
CIT-00231,Kiran Reddy,+91-00000-00231,user00231@example.org,Ahmedabad,22.99208,72.62394,kn,True,synthetic_demo
CIT-00232,Kabir Sharma,+91-00000-00232,user00232@example.org,Hyderabad,17.44274,78.58379,te,True,synthetic_demo
CIT-00233,Anaya Nair,+91-00000-00233,user00233@example.org,Bengaluru,12.73608,77.56769,hi,True,synthetic_demo
CIT-00234,Arjun Patil,+91-00000-00234,user00234@example.org,Puri,19.81038,85.83265,en,True,synthetic_demo
CIT-00235,Nisha Rao,+91-00000-00235,user00235@example.org,Chennai,12.89133,80.29296,en,True,synthetic_demo
CIT-00236,Arjun Bose,+91-00000-00236,user00236@example.org,Bhubaneswar,20.29776,85.831,en,True,synthetic_demo
CIT-00237,Diya Bose,+91-00000-00237,user00237@example.org,Bhubaneswar,20.35136,85.79056,ta,True,synthetic_demo
CIT-00238,Isha Gowda,+91-00000-00238,user00238@example.org,Mumbai,19.04229,72.90346,en,True,synthetic_demo
CIT-00239,Nisha Patil,+91-00000-00239,user00239@example.org,Lucknow,26.98284,80.6114,hi,True,synthetic_demo
CIT-00240,Diya Singh,+91-00000-00240,user00240@example.org,Lucknow,26.93851,80.89014,en,True,synthetic_demo
CIT-00241,Rohan Sharma,+91-00000-00241,user00241@example.org,Patna,25.64403,84.94403,ta,True,synthetic_demo
CIT-00242,Anaya Singh,+91-00000-00242,user00242@example.org,Jaipur,26.91519,75.80014,hi,True,synthetic_demo
CIT-00243,Saanvi Das,+91-00000-00243,user00243@example.org,Hyderabad,17.55681,78.48931,kn,True,synthetic_demo
CIT-00244,Aarav Nair,+91-00000-00244,user00244@example.org,Lucknow,26.84369,80.9471,en,True,synthetic_demo
CIT-00245,Saanvi Gowda,+91-00000-00245,user00245@example.org,Pune,18.47267,73.89679,kn,True,synthetic_demo
CIT-00246,Vihaan Gowda,+91-00000-00246,user00246@example.org,Puri,19.79551,85.83597,hi,True,synthetic_demo
CIT-00247,Isha Singh,+91-00000-00247,user00247@example.org,Mumbai,19.24621,72.81919,en,True,synthetic_demo
CIT-00248,Vihaan Mehta,+91-00000-00248,user00248@example.org,Mumbai,19.1179,72.8133,hi,True,synthetic_demo
CIT-00249,Kiran Nair,+91-00000-00249,user00249@example.org,Hyderabad,17.3848,78.40697,hi,True,synthetic_demo
CIT-00250,Saanvi Reddy,+91-00000-00250,user00250@example.org,Mysuru,12.26563,76.72957,kn,True,synthetic_demo
CIT-00251,Vihaan Rao,+91-00000-00251,user00251@example.org,Mysuru,12.27758,76.65239,ta,True,synthetic_demo
CIT-00252,Arjun Iyer,+91-00000-00252,user00252@example.org,Ahmedabad,23.09667,72.51813,ta,True,synthetic_demo
CIT-00253,Rohan Das,+91-00000-00253,user00253@example.org,Puri,19.78961,85.84773,en,True,synthetic_demo
CIT-00254,Diya Reddy,+91-00000-00254,user00254@example.org,Pune,18.50202,73.82274,ta,True,synthetic_demo
CIT-00255,Aarav Rao,+91-00000-00255,user00255@example.org,Hyderabad,17.30092,78.65532,ta,True,synthetic_demo
CIT-00256,Kiran Iyer,+91-00000-00256,user00256@example.org,Patna,25.5958,85.22921,en,True,synthetic_demo
CIT-00257,Meera Das,+91-00000-00257,user00257@example.org,Lucknow,26.88258,80.99401,ta,True,synthetic_demo
CIT-00258,Kiran Singh,+91-00000-00258,user00258@example.org,Patna,25.60875,85.19046,ta,True,synthetic_demo
CIT-00259,Nisha Das,+91-00000-00259,user00259@example.org,Mysuru,12.29405,76.63792,ta,True,synthetic_demo
CIT-00260,Meera Nair,+91-00000-00260,user00260@example.org,Mumbai,19.09944,72.87395,ta,True,synthetic_demo
CIT-00261,Aarav Mehta,+91-00000-00261,user00261@example.org,Guwahati,26.14442,91.73627,ta,True,synthetic_demo
CIT-00262,Isha Das,+91-00000-00262,user00262@example.org,Bhubaneswar,20.34094,85.80414,kn,True,synthetic_demo
CIT-00263,Arjun Khan,+91-00000-00263,user00263@example.org,Lucknow,26.83755,80.94686,kn,True,synthetic_demo
CIT-00264,Kabir Das,+91-00000-00264,user00264@example.org,Pune,18.56619,73.82717,te,True,synthetic_demo
CIT-00265,Nisha Iyer,+91-00000-00265,user00265@example.org,Patna,25.59358,85.1193,ta,True,synthetic_demo
CIT-00266,Isha Gowda,+91-00000-00266,user00266@example.org,Mumbai,18.9103,72.92686,ta,True,synthetic_demo
CIT-00267,Meera Patil,+91-00000-00267,user00267@example.org,Jaipur,26.91043,75.8321,hi,True,synthetic_demo
CIT-00268,Kabir Singh,+91-00000-00268,user00268@example.org,Hyderabad,17.44244,78.34996,en,True,synthetic_demo
CIT-00269,Aarav Rao,+91-00000-00269,user00269@example.org,Bhubaneswar,20.27923,85.85441,te,True,synthetic_demo
CIT-00270,Diya Rao,+91-00000-00270,user00270@example.org,Kolkata,22.59239,88.2244,kn,True,synthetic_demo
CIT-00271,Nisha Sharma,+91-00000-00271,user00271@example.org,Visakhapatnam,17.69328,83.23653,hi,True,synthetic_demo
CIT-00272,Saanvi Gowda,+91-00000-00272,user00272@example.org,Puri,19.87239,85.80312,en,True,synthetic_demo
CIT-00273,Diya Nair,+91-00000-00273,user00273@example.org,Patna,25.59537,85.13222,te,True,synthetic_demo
CIT-00274,Saanvi Singh,+91-00000-00274,user00274@example.org,Kolkata,22.71026,88.49034,en,True,synthetic_demo
CIT-00275,Isha Das,+91-00000-00275,user00275@example.org,Delhi,28.6126,77.20849,ta,True,synthetic_demo
CIT-00276,Saanvi Rao,+91-00000-00276,user00276@example.org,Pune,18.64156,73.8503,en,True,synthetic_demo
CIT-00277,Vihaan Das,+91-00000-00277,user00277@example.org,Kochi,10.03064,76.25239,hi,True,synthetic_demo
CIT-00278,Isha Khan,+91-00000-00278,user00278@example.org,Chennai,13.14031,80.29051,kn,True,synthetic_demo
CIT-00279,Anaya Mehta,+91-00000-00279,user00279@example.org,Hyderabad,17.43434,78.39549,hi,True,synthetic_demo
CIT-00280,Meera Iyer,+91-00000-00280,user00280@example.org,Puri,19.81341,85.81822,hi,True,synthetic_demo
CIT-00281,Kiran Bose,+91-00000-00281,user00281@example.org,Chennai,13.08841,80.27815,en,True,synthetic_demo
CIT-00282,Diya Singh,+91-00000-00282,user00282@example.org,Hyderabad,17.26333,78.45919,en,True,synthetic_demo
CIT-00283,Aarav Rao,+91-00000-00283,user00283@example.org,Kolkata,22.54721,88.37553,en,True,synthetic_demo
CIT-00284,Saanvi Sharma,+91-00000-00284,user00284@example.org,Bhubaneswar,20.29924,85.81773,en,True,synthetic_demo
CIT-00285,Kiran Nair,+91-00000-00285,user00285@example.org,Mumbai,19.08964,72.84853,te,True,synthetic_demo
CIT-00286,Diya Gowda,+91-00000-00286,user00286@example.org,Bengaluru,12.84372,77.69701,kn,True,synthetic_demo
CIT-00287,Anaya Reddy,+91-00000-00287,user00287@example.org,Hyderabad,17.38452,78.48669,hi,True,synthetic_demo
CIT-00288,Rohan Gowda,+91-00000-00288,user00288@example.org,Hyderabad,17.39814,78.55703,ta,True,synthetic_demo
CIT-00289,Diya Rao,+91-00000-00289,user00289@example.org,Nagpur,21.17247,79.10535,en,True,synthetic_demo
CIT-00290,Anaya Bose,+91-00000-00290,user00290@example.org,Bengaluru,12.87421,77.66862,en,True,synthetic_demo
CIT-00291,Saanvi Iyer,+91-00000-00291,user00291@example.org,Nagpur,21.13731,79.09124,te,True,synthetic_demo
CIT-00292,Nisha Gowda,+91-00000-00292,user00292@example.org,Nagpur,21.22582,78.99999,kn,True,synthetic_demo
CIT-00293,Saanvi Sharma,+91-00000-00293,user00293@example.org,Visakhapatnam,17.6571,83.34269,hi,True,synthetic_demo
CIT-00294,Arjun Nair,+91-00000-00294,user00294@example.org,Mysuru,12.34951,76.53714,en,True,synthetic_demo
CIT-00295,Aarav Gowda,+91-00000-00295,user00295@example.org,Guwahati,26.0342,91.64519,kn,True,synthetic_demo
CIT-00296,Isha Patil,+91-00000-00296,user00296@example.org,Hyderabad,17.3949,78.27583,hi,True,synthetic_demo
CIT-00297,Rohan Rao,+91-00000-00297,user00297@example.org,Delhi,28.60512,77.28532,kn,True,synthetic_demo
CIT-00298,Arjun Patil,+91-00000-00298,user00298@example.org,Visakhapatnam,17.66401,83.17035,en,True,synthetic_demo
CIT-00299,Kabir Khan,+91-00000-00299,user00299@example.org,Bengaluru,13.00786,77.56555,en,True,synthetic_demo
CIT-00300,Kiran Bose,+91-00000-00300,user00300@example.org,Lucknow,26.7577,80.96524,te,True,synthetic_demo
CIT-00301,Aarav Nair,+91-00000-00301,user00301@example.org,Visakhapatnam,17.72117,83.38111,en,True,synthetic_demo
CIT-00302,Vihaan Patil,+91-00000-00302,user00302@example.org,Hyderabad,17.41476,78.6228,kn,True,synthetic_demo
CIT-00303,Isha Gowda,+91-00000-00303,user00303@example.org,Mumbai,19.08136,72.88903,te,True,synthetic_demo
CIT-00304,Meera Singh,+91-00000-00304,user00304@example.org,Chennai,13.01677,80.3517,kn,True,synthetic_demo
CIT-00305,Meera Khan,+91-00000-00305,user00305@example.org,Bhubaneswar,20.26905,85.8005,te,True,synthetic_demo
CIT-00306,Nisha Sharma,+91-00000-00306,user00306@example.org,Bengaluru,13.11205,77.69916,en,True,synthetic_demo
CIT-00307,Saanvi Mehta,+91-00000-00307,user00307@example.org,Visakhapatnam,17.76405,83.2966,ta,True,synthetic_demo
CIT-00308,Anaya Nair,+91-00000-00308,user00308@example.org,Mumbai,18.98573,72.86193,en,True,synthetic_demo
CIT-00309,Rohan Rao,+91-00000-00309,user00309@example.org,Chennai,13.05249,80.33257,hi,True,synthetic_demo
CIT-00310,Anaya Das,+91-00000-00310,user00310@example.org,Patna,25.63768,85.22604,hi,True,synthetic_demo
CIT-00311,Isha Khan,+91-00000-00311,user00311@example.org,Guwahati,26.15062,91.73494,kn,True,synthetic_demo
CIT-00312,Saanvi Iyer,+91-00000-00312,user00312@example.org,Pune,18.55953,73.8996,en,True,synthetic_demo
CIT-00313,Diya Singh,+91-00000-00313,user00313@example.org,Nagpur,21.19982,79.02341,kn,True,synthetic_demo
CIT-00314,Rohan Patil,+91-00000-00314,user00314@example.org,Kochi,9.9262,76.26963,te,True,synthetic_demo
CIT-00315,Nisha Das,+91-00000-00315,user00315@example.org,Pune,18.40059,73.95915,hi,True,synthetic_demo
CIT-00316,Arjun Patil,+91-00000-00316,user00316@example.org,Nagpur,21.12206,79.09443,hi,True,synthetic_demo
CIT-00317,Meera Singh,+91-00000-00317,user00317@example.org,Bhubaneswar,20.29453,85.82694,en,True,synthetic_demo
CIT-00318,Diya Bose,+91-00000-00318,user00318@example.org,Hyderabad,17.38294,78.47403,kn,True,synthetic_demo
CIT-00319,Arjun Singh,+91-00000-00319,user00319@example.org,Pune,18.5208,73.84466,te,True,synthetic_demo
CIT-00320,Nisha Mehta,+91-00000-00320,user00320@example.org,Nagpur,21.10647,79.05862,en,True,synthetic_demo
CIT-00321,Nisha Mehta,+91-00000-00321,user00321@example.org,Jaipur,26.88622,75.81082,hi,True,synthetic_demo
CIT-00322,Aarav Bose,+91-00000-00322,user00322@example.org,Nagpur,21.2731,79.12194,hi,True,synthetic_demo
CIT-00323,Aarav Iyer,+91-00000-00323,user00323@example.org,Mumbai,19.06538,72.60943,hi,True,synthetic_demo
CIT-00324,Isha Mehta,+91-00000-00324,user00324@example.org,Chennai,13.11196,80.27173,kn,True,synthetic_demo
CIT-00325,Kiran Sharma,+91-00000-00325,user00325@example.org,Lucknow,26.79492,81.00563,kn,True,synthetic_demo
CIT-00326,Diya Iyer,+91-00000-00326,user00326@example.org,Kochi,9.95802,76.09447,hi,True,synthetic_demo
CIT-00327,Nisha Bose,+91-00000-00327,user00327@example.org,Kolkata,22.64791,88.34489,en,True,synthetic_demo
CIT-00328,Saanvi Patil,+91-00000-00328,user00328@example.org,Patna,25.71567,85.00783,te,True,synthetic_demo
CIT-00329,Isha Reddy,+91-00000-00329,user00329@example.org,Guwahati,25.98041,91.65805,ta,True,synthetic_demo
CIT-00330,Isha Rao,+91-00000-00330,user00330@example.org,Patna,25.57485,85.16033,en,True,synthetic_demo
CIT-00331,Anaya Reddy,+91-00000-00331,user00331@example.org,Lucknow,26.86572,80.91151,kn,True,synthetic_demo
CIT-00332,Kiran Singh,+91-00000-00332,user00332@example.org,Mysuru,12.3192,76.64304,hi,True,synthetic_demo
CIT-00333,Vihaan Rao,+91-00000-00333,user00333@example.org,Puri,19.82655,85.85413,kn,True,synthetic_demo
CIT-00334,Saanvi Mehta,+91-00000-00334,user00334@example.org,Pune,18.61308,73.88187,hi,True,synthetic_demo
CIT-00335,Kabir Nair,+91-00000-00335,user00335@example.org,Patna,25.63248,85.18883,kn,True,synthetic_demo
CIT-00336,Diya Iyer,+91-00000-00336,user00336@example.org,Chennai,13.11256,80.26016,te,True,synthetic_demo
CIT-00337,Nisha Mehta,+91-00000-00337,user00337@example.org,Puri,19.83936,85.84648,te,True,synthetic_demo
CIT-00338,Saanvi Patil,+91-00000-00338,user00338@example.org,Lucknow,26.81199,80.96479,en,True,synthetic_demo
CIT-00339,Arjun Gowda,+91-00000-00339,user00339@example.org,Chennai,13.35253,80.25944,en,True,synthetic_demo
CIT-00340,Vihaan Patil,+91-00000-00340,user00340@example.org,Chennai,13.07862,80.28311,en,True,synthetic_demo
CIT-00341,Nisha Sharma,+91-00000-00341,user00341@example.org,Hyderabad,17.40819,78.44702,te,True,synthetic_demo
CIT-00342,Diya Bose,+91-00000-00342,user00342@example.org,Patna,25.55404,85.1277,hi,True,synthetic_demo
CIT-00343,Rohan Iyer,+91-00000-00343,user00343@example.org,Kochi,9.86142,76.29279,te,True,synthetic_demo
CIT-00344,Meera Iyer,+91-00000-00344,user00344@example.org,Hyderabad,17.40264,78.53287,te,True,synthetic_demo
CIT-00345,Diya Singh,+91-00000-00345,user00345@example.org,Chennai,13.15809,80.18539,te,True,synthetic_demo
CIT-00346,Nisha Gowda,+91-00000-00346,user00346@example.org,Delhi,28.75587,76.9609,en,True,synthetic_demo
CIT-00347,Anaya Mehta,+91-00000-00347,user00347@example.org,Patna,25.58034,85.1331,te,True,synthetic_demo
CIT-00348,Nisha Nair,+91-00000-00348,user00348@example.org,Chennai,12.98865,79.94046,hi,True,synthetic_demo
CIT-00349,Rohan Rao,+91-00000-00349,user00349@example.org,Lucknow,26.84124,80.95345,en,True,synthetic_demo
CIT-00350,Aarav Iyer,+91-00000-00350,user00350@example.org,Mysuru,12.30655,76.58143,te,True,synthetic_demo
CIT-00351,Saanvi Bose,+91-00000-00351,user00351@example.org,Lucknow,26.88726,80.95642,kn,True,synthetic_demo
CIT-00352,Nisha Gowda,+91-00000-00352,user00352@example.org,Hyderabad,17.38949,78.51031,te,True,synthetic_demo
CIT-00353,Nisha Patil,+91-00000-00353,user00353@example.org,Lucknow,26.84919,80.97874,en,True,synthetic_demo
CIT-00354,Aarav Patil,+91-00000-00354,user00354@example.org,Patna,25.61309,85.19628,te,True,synthetic_demo
CIT-00355,Arjun Singh,+91-00000-00355,user00355@example.org,Kolkata,22.53043,88.31768,te,True,synthetic_demo
CIT-00356,Saanvi Rao,+91-00000-00356,user00356@example.org,Lucknow,26.9212,80.85035,kn,True,synthetic_demo
CIT-00357,Diya Gowda,+91-00000-00357,user00357@example.org,Delhi,28.63806,77.39051,te,True,synthetic_demo
CIT-00358,Rohan Nair,+91-00000-00358,user00358@example.org,Lucknow,26.84915,80.92527,en,True,synthetic_demo
CIT-00359,Meera Rao,+91-00000-00359,user00359@example.org,Jaipur,26.86554,75.7119,hi,True,synthetic_demo
CIT-00360,Kabir Reddy,+91-00000-00360,user00360@example.org,Pune,18.50743,73.78014,te,True,synthetic_demo
CIT-00361,Kabir Singh,+91-00000-00361,user00361@example.org,Mysuru,12.37622,76.70521,hi,True,synthetic_demo
CIT-00362,Arjun Rao,+91-00000-00362,user00362@example.org,Bengaluru,12.62851,77.74238,hi,True,synthetic_demo
CIT-00363,Isha Reddy,+91-00000-00363,user00363@example.org,Guwahati,26.12163,91.74984,hi,True,synthetic_demo
CIT-00364,Kabir Gowda,+91-00000-00364,user00364@example.org,Kolkata,22.55059,88.33596,te,True,synthetic_demo
CIT-00365,Isha Reddy,+91-00000-00365,user00365@example.org,Bengaluru,13.03111,77.54828,en,True,synthetic_demo
CIT-00366,Anaya Bose,+91-00000-00366,user00366@example.org,Pune,18.49706,73.82362,hi,True,synthetic_demo
CIT-00367,Saanvi Das,+91-00000-00367,user00367@example.org,Visakhapatnam,17.69135,83.21245,kn,True,synthetic_demo
CIT-00368,Saanvi Reddy,+91-00000-00368,user00368@example.org,Puri,19.79813,85.80066,kn,True,synthetic_demo
CIT-00369,Isha Sharma,+91-00000-00369,user00369@example.org,Ahmedabad,23.02415,72.56703,ta,True,synthetic_demo
CIT-00370,Isha Patil,+91-00000-00370,user00370@example.org,Visakhapatnam,17.71752,83.36518,en,True,synthetic_demo
CIT-00371,Kabir Iyer,+91-00000-00371,user00371@example.org,Bhubaneswar,20.18239,85.70059,te,True,synthetic_demo
CIT-00372,Meera Khan,+91-00000-00372,user00372@example.org,Mysuru,12.36621,76.69959,en,True,synthetic_demo
CIT-00373,Kabir Iyer,+91-00000-00373,user00373@example.org,Hyderabad,17.36678,78.55852,te,True,synthetic_demo
CIT-00374,Anaya Khan,+91-00000-00374,user00374@example.org,Mysuru,12.28255,76.58904,kn,True,synthetic_demo
CIT-00375,Isha Iyer,+91-00000-00375,user00375@example.org,Pune,18.53102,73.87161,kn,True,synthetic_demo
CIT-00376,Diya Rao,+91-00000-00376,user00376@example.org,Bhubaneswar,20.2228,85.79899,en,True,synthetic_demo
CIT-00377,Isha Rao,+91-00000-00377,user00377@example.org,Puri,19.82389,85.77735,te,True,synthetic_demo
CIT-00378,Isha Patil,+91-00000-00378,user00378@example.org,Chennai,13.11401,80.20297,kn,True,synthetic_demo
CIT-00379,Kabir Reddy,+91-00000-00379,user00379@example.org,Chennai,13.02561,80.28284,kn,True,synthetic_demo
CIT-00380,Anaya Patil,+91-00000-00380,user00380@example.org,Patna,25.58992,85.14853,en,True,synthetic_demo
CIT-00381,Isha Bose,+91-00000-00381,user00381@example.org,Bengaluru,12.88933,77.83844,kn,True,synthetic_demo
CIT-00382,Anaya Gowda,+91-00000-00382,user00382@example.org,Guwahati,26.2299,91.6914,ta,True,synthetic_demo
CIT-00383,Kiran Nair,+91-00000-00383,user00383@example.org,Bengaluru,13.31779,77.59198,te,True,synthetic_demo
CIT-00384,Kiran Khan,+91-00000-00384,user00384@example.org,Pune,18.54785,73.74792,en,True,synthetic_demo
CIT-00385,Aarav Nair,+91-00000-00385,user00385@example.org,Kochi,9.88175,76.27454,hi,True,synthetic_demo
CIT-00386,Arjun Mehta,+91-00000-00386,user00386@example.org,Visakhapatnam,17.59754,83.18666,en,True,synthetic_demo
CIT-00387,Kabir Khan,+91-00000-00387,user00387@example.org,Kochi,9.96763,76.13367,te,True,synthetic_demo
CIT-00388,Kiran Rao,+91-00000-00388,user00388@example.org,Kochi,9.98355,76.22327,hi,True,synthetic_demo
CIT-00389,Meera Nair,+91-00000-00389,user00389@example.org,Mysuru,12.2841,76.62996,kn,True,synthetic_demo
CIT-00390,Arjun Iyer,+91-00000-00390,user00390@example.org,Nagpur,21.13662,79.12108,en,True,synthetic_demo
CIT-00391,Aarav Sharma,+91-00000-00391,user00391@example.org,Mysuru,12.31765,76.63202,te,True,synthetic_demo
CIT-00392,Vihaan Iyer,+91-00000-00392,user00392@example.org,Bengaluru,13.00625,77.68773,te,True,synthetic_demo
CIT-00393,Meera Das,+91-00000-00393,user00393@example.org,Nagpur,21.15549,79.08191,ta,True,synthetic_demo
CIT-00394,Anaya Patil,+91-00000-00394,user00394@example.org,Nagpur,21.15054,79.14306,te,True,synthetic_demo
CIT-00395,Meera Reddy,+91-00000-00395,user00395@example.org,Ahmedabad,22.86752,72.65059,kn,True,synthetic_demo
CIT-00396,Anaya Reddy,+91-00000-00396,user00396@example.org,Mysuru,12.29591,76.63857,te,True,synthetic_demo
CIT-00397,Kabir Patil,+91-00000-00397,user00397@example.org,Lucknow,26.93919,80.94901,te,True,synthetic_demo
CIT-00398,Aarav Reddy,+91-00000-00398,user00398@example.org,Lucknow,26.85029,80.96109,te,True,synthetic_demo
CIT-00399,Diya Rao,+91-00000-00399,user00399@example.org,Mysuru,12.21507,76.70327,kn,True,synthetic_demo
CIT-00400,Kabir Nair,+91-00000-00400,user00400@example.org,Kolkata,22.59047,88.41823,hi,True,synthetic_demo
CIT-00401,Kiran Rao,+91-00000-00401,user00401@example.org,Mysuru,12.26703,76.60276,te,True,synthetic_demo
CIT-00402,Rohan Sharma,+91-00000-00402,user00402@example.org,Delhi,28.58218,77.2341,kn,True,synthetic_demo
CIT-00403,Vihaan Patil,+91-00000-00403,user00403@example.org,Nagpur,21.14841,78.98994,hi,True,synthetic_demo
CIT-00404,Kabir Iyer,+91-00000-00404,user00404@example.org,Delhi,28.70054,77.43926,kn,True,synthetic_demo
CIT-00405,Anaya Gowda,+91-00000-00405,user00405@example.org,Chennai,13.12022,80.24543,kn,True,synthetic_demo
CIT-00406,Meera Sharma,+91-00000-00406,user00406@example.org,Ahmedabad,23.02225,72.58061,te,True,synthetic_demo
CIT-00407,Rohan Gowda,+91-00000-00407,user00407@example.org,Guwahati,26.16468,91.87685,kn,True,synthetic_demo
CIT-00408,Aarav Nair,+91-00000-00408,user00408@example.org,Kolkata,22.57546,88.36892,ta,True,synthetic_demo
CIT-00409,Kabir Iyer,+91-00000-00409,user00409@example.org,Delhi,28.77298,77.1053,te,True,synthetic_demo
CIT-00410,Kabir Singh,+91-00000-00410,user00410@example.org,Mumbai,19.19571,72.91936,kn,True,synthetic_demo
CIT-00411,Saanvi Rao,+91-00000-00411,user00411@example.org,Mumbai,19.07612,72.8756,ta,True,synthetic_demo
CIT-00412,Nisha Sharma,+91-00000-00412,user00412@example.org,Delhi,28.59243,77.03112,te,True,synthetic_demo
CIT-00413,Arjun Rao,+91-00000-00413,user00413@example.org,Chennai,13.08076,80.21035,ta,True,synthetic_demo
CIT-00414,Meera Das,+91-00000-00414,user00414@example.org,Jaipur,27.01142,75.88891,hi,True,synthetic_demo
CIT-00415,Arjun Khan,+91-00000-00415,user00415@example.org,Kochi,9.91865,76.26002,ta,True,synthetic_demo
CIT-00416,Kiran Das,+91-00000-00416,user00416@example.org,Nagpur,21.14669,79.13473,ta,True,synthetic_demo
CIT-00417,Arjun Nair,+91-00000-00417,user00417@example.org,Kolkata,22.5897,88.40947,te,True,synthetic_demo
CIT-00418,Vihaan Patil,+91-00000-00418,user00418@example.org,Bengaluru,13.23294,77.44225,kn,True,synthetic_demo
CIT-00419,Saanvi Iyer,+91-00000-00419,user00419@example.org,Bhubaneswar,20.21153,85.83939,en,True,synthetic_demo
CIT-00420,Rohan Singh,+91-00000-00420,user00420@example.org,Ahmedabad,23.04409,72.5481,ta,True,synthetic_demo
CIT-00421,Rohan Khan,+91-00000-00421,user00421@example.org,Ahmedabad,23.03697,72.56941,kn,True,synthetic_demo
CIT-00422,Anaya Das,+91-00000-00422,user00422@example.org,Kolkata,22.51258,88.47083,ta,True,synthetic_demo
CIT-00423,Anaya Mehta,+91-00000-00423,user00423@example.org,Patna,25.71413,85.15823,ta,True,synthetic_demo
CIT-00424,Arjun Nair,+91-00000-00424,user00424@example.org,Hyderabad,17.30451,78.48903,kn,True,synthetic_demo
CIT-00425,Kiran Patil,+91-00000-00425,user00425@example.org,Pune,18.53412,73.85955,te,True,synthetic_demo
CIT-00426,Aarav Singh,+91-00000-00426,user00426@example.org,Lucknow,26.84667,80.93055,te,True,synthetic_demo
CIT-00427,Vihaan Singh,+91-00000-00427,user00427@example.org,Kolkata,22.68253,88.25976,hi,True,synthetic_demo
CIT-00428,Anaya Patil,+91-00000-00428,user00428@example.org,Puri,19.81559,85.91423,en,True,synthetic_demo
CIT-00429,Nisha Patil,+91-00000-00429,user00429@example.org,Bhubaneswar,20.29357,85.81399,ta,True,synthetic_demo
CIT-00430,Arjun Sharma,+91-00000-00430,user00430@example.org,Patna,25.55781,85.14368,ta,True,synthetic_demo
CIT-00431,Kabir Sharma,+91-00000-00431,user00431@example.org,Hyderabad,17.44078,78.43711,kn,True,synthetic_demo
CIT-00432,Arjun Iyer,+91-00000-00432,user00432@example.org,Nagpur,21.19762,79.1563,te,True,synthetic_demo
CIT-00433,Nisha Das,+91-00000-00433,user00433@example.org,Kochi,9.90697,76.31062,kn,True,synthetic_demo
CIT-00434,Diya Sharma,+91-00000-00434,user00434@example.org,Delhi,28.69202,77.29278,te,True,synthetic_demo
CIT-00435,Aarav Reddy,+91-00000-00435,user00435@example.org,Mumbai,19.14996,72.96381,hi,True,synthetic_demo
CIT-00436,Anaya Das,+91-00000-00436,user00436@example.org,Mumbai,19.06877,72.86946,ta,True,synthetic_demo
CIT-00437,Arjun Reddy,+91-00000-00437,user00437@example.org,Puri,19.80811,85.80719,kn,True,synthetic_demo
CIT-00438,Isha Khan,+91-00000-00438,user00438@example.org,Chennai,13.12901,80.35685,kn,True,synthetic_demo
CIT-00439,Diya Reddy,+91-00000-00439,user00439@example.org,Puri,19.81402,85.85541,kn,True,synthetic_demo
CIT-00440,Vihaan Bose,+91-00000-00440,user00440@example.org,Nagpur,21.17474,79.0489,ta,True,synthetic_demo
CIT-00441,Meera Gowda,+91-00000-00441,user00441@example.org,Chennai,13.10153,80.36163,te,True,synthetic_demo
CIT-00442,Meera Patil,+91-00000-00442,user00442@example.org,Delhi,28.45232,77.12418,hi,True,synthetic_demo
CIT-00443,Saanvi Mehta,+91-00000-00443,user00443@example.org,Hyderabad,17.28516,78.39985,en,True,synthetic_demo
CIT-00444,Vihaan Gowda,+91-00000-00444,user00444@example.org,Hyderabad,17.34886,78.41271,en,True,synthetic_demo
CIT-00445,Isha Mehta,+91-00000-00445,user00445@example.org,Mysuru,12.23138,76.6818,kn,True,synthetic_demo
CIT-00446,Isha Sharma,+91-00000-00446,user00446@example.org,Hyderabad,17.38246,78.42721,ta,True,synthetic_demo
CIT-00447,Isha Reddy,+91-00000-00447,user00447@example.org,Nagpur,21.05519,79.08869,te,True,synthetic_demo
CIT-00448,Isha Mehta,+91-00000-00448,user00448@example.org,Patna,25.5048,85.11959,ta,True,synthetic_demo
CIT-00449,Aarav Singh,+91-00000-00449,user00449@example.org,Delhi,28.22141,77.16495,te,True,synthetic_demo
CIT-00450,Isha Singh,+91-00000-00450,user00450@example.org,Bhubaneswar,20.21787,85.84132,hi,True,synthetic_demo
CIT-00451,Kabir Gowda,+91-00000-00451,user00451@example.org,Ahmedabad,23.05932,72.76172,en,True,synthetic_demo
CIT-00452,Isha Reddy,+91-00000-00452,user00452@example.org,Jaipur,26.93237,75.60183,en,True,synthetic_demo
CIT-00453,Arjun Mehta,+91-00000-00453,user00453@example.org,Chennai,13.11997,80.32647,en,True,synthetic_demo
CIT-00454,Saanvi Das,+91-00000-00454,user00454@example.org,Puri,19.80719,85.84411,hi,True,synthetic_demo
CIT-00455,Anaya Mehta,+91-00000-00455,user00455@example.org,Hyderabad,17.39226,78.54918,hi,True,synthetic_demo
CIT-00456,Anaya Khan,+91-00000-00456,user00456@example.org,Delhi,28.79896,76.9168,kn,True,synthetic_demo
CIT-00457,Meera Gowda,+91-00000-00457,user00457@example.org,Mysuru,12.29577,76.65036,hi,True,synthetic_demo
CIT-00458,Nisha Patil,+91-00000-00458,user00458@example.org,Mysuru,12.32621,76.6375,ta,True,synthetic_demo
CIT-00459,Kiran Patil,+91-00000-00459,user00459@example.org,Kochi,10.02143,76.22623,hi,True,synthetic_demo
CIT-00460,Anaya Iyer,+91-00000-00460,user00460@example.org,Kochi,9.90834,76.33409,te,True,synthetic_demo
CIT-00461,Nisha Mehta,+91-00000-00461,user00461@example.org,Visakhapatnam,17.73706,83.18317,kn,True,synthetic_demo
CIT-00462,Meera Iyer,+91-00000-00462,user00462@example.org,Bengaluru,12.90193,77.57272,hi,True,synthetic_demo
CIT-00463,Saanvi Khan,+91-00000-00463,user00463@example.org,Ahmedabad,22.88868,72.66572,kn,True,synthetic_demo
CIT-00464,Meera Singh,+91-00000-00464,user00464@example.org,Puri,19.84105,85.86132,te,True,synthetic_demo
CIT-00465,Isha Mehta,+91-00000-00465,user00465@example.org,Nagpur,21.14617,79.09101,hi,True,synthetic_demo
CIT-00466,Aarav Das,+91-00000-00466,user00466@example.org,Chennai,13.05232,80.3411,ta,True,synthetic_demo
CIT-00467,Meera Mehta,+91-00000-00467,user00467@example.org,Patna,25.6294,85.15453,hi,True,synthetic_demo
CIT-00468,Aarav Singh,+91-00000-00468,user00468@example.org,Pune,18.54303,73.82331,ta,True,synthetic_demo
CIT-00469,Isha Nair,+91-00000-00469,user00469@example.org,Kolkata,22.41798,88.42668,te,True,synthetic_demo
CIT-00470,Kiran Gowda,+91-00000-00470,user00470@example.org,Jaipur,26.93115,75.78876,te,True,synthetic_demo
CIT-00471,Arjun Khan,+91-00000-00471,user00471@example.org,Bhubaneswar,20.33295,85.87863,ta,True,synthetic_demo
CIT-00472,Vihaan Bose,+91-00000-00472,user00472@example.org,Delhi,28.47408,77.09435,hi,True,synthetic_demo
CIT-00473,Meera Reddy,+91-00000-00473,user00473@example.org,Ahmedabad,22.87025,72.5952,kn,True,synthetic_demo
CIT-00474,Aarav Patil,+91-00000-00474,user00474@example.org,Mysuru,12.27857,76.66297,en,True,synthetic_demo
CIT-00475,Isha Gowda,+91-00000-00475,user00475@example.org,Hyderabad,17.30224,78.37641,ta,True,synthetic_demo
CIT-00476,Anaya Bose,+91-00000-00476,user00476@example.org,Guwahati,26.12691,91.65647,hi,True,synthetic_demo
CIT-00477,Saanvi Bose,+91-00000-00477,user00477@example.org,Jaipur,26.91306,75.81416,kn,True,synthetic_demo
CIT-00478,Isha Rao,+91-00000-00478,user00478@example.org,Ahmedabad,22.98087,72.59855,te,True,synthetic_demo
CIT-00479,Nisha Singh,+91-00000-00479,user00479@example.org,Ahmedabad,23.04207,72.63883,en,True,synthetic_demo
CIT-00480,Nisha Bose,+91-00000-00480,user00480@example.org,Hyderabad,17.38889,78.48543,ta,True,synthetic_demo
CIT-00481,Nisha Iyer,+91-00000-00481,user00481@example.org,Kochi,9.98364,76.23155,hi,True,synthetic_demo
CIT-00482,Aarav Mehta,+91-00000-00482,user00482@example.org,Pune,18.58946,73.7561,ta,True,synthetic_demo
CIT-00483,Isha Gowda,+91-00000-00483,user00483@example.org,Visakhapatnam,17.66369,83.20674,ta,True,synthetic_demo
CIT-00484,Aarav Singh,+91-00000-00484,user00484@example.org,Kochi,9.91146,76.11069,hi,True,synthetic_demo
CIT-00485,Arjun Rao,+91-00000-00485,user00485@example.org,Mysuru,12.28181,76.67413,ta,True,synthetic_demo
CIT-00486,Rohan Reddy,+91-00000-00486,user00486@example.org,Bengaluru,13.07003,77.79247,hi,True,synthetic_demo
CIT-00487,Nisha Mehta,+91-00000-00487,user00487@example.org,Ahmedabad,23.00793,72.41389,te,True,synthetic_demo
CIT-00488,Rohan Gowda,+91-00000-00488,user00488@example.org,Jaipur,26.94872,75.73246,ta,True,synthetic_demo
CIT-00489,Nisha Gowda,+91-00000-00489,user00489@example.org,Visakhapatnam,17.68185,83.32269,te,True,synthetic_demo
CIT-00490,Diya Bose,+91-00000-00490,user00490@example.org,Guwahati,26.19048,91.768,kn,True,synthetic_demo
CIT-00491,Aarav Rao,+91-00000-00491,user00491@example.org,Hyderabad,17.37798,78.48785,kn,True,synthetic_demo
CIT-00492,Rohan Das,+91-00000-00492,user00492@example.org,Guwahati,26.15326,91.72197,te,True,synthetic_demo
CIT-00493,Isha Iyer,+91-00000-00493,user00493@example.org,Bengaluru,13.00609,77.58382,en,True,synthetic_demo
CIT-00494,Kiran Das,+91-00000-00494,user00494@example.org,Bhubaneswar,20.27665,85.8259,en,True,synthetic_demo
CIT-00495,Vihaan Nair,+91-00000-00495,user00495@example.org,Chennai,13.10934,80.27909,en,True,synthetic_demo
CIT-00496,Isha Das,+91-00000-00496,user00496@example.org,Chennai,13.05902,80.28521,kn,True,synthetic_demo
CIT-00497,Aarav Das,+91-00000-00497,user00497@example.org,Puri,19.76813,85.78903,ta,True,synthetic_demo
CIT-00498,Diya Patil,+91-00000-00498,user00498@example.org,Mysuru,12.39458,76.64818,hi,True,synthetic_demo
CIT-00499,Rohan Bose,+91-00000-00499,user00499@example.org,Hyderabad,17.38645,78.48289,hi,True,synthetic_demo
