district_code,state,district,population_2011,male,female,literate,households,urban_households,rural_households,age_0_29,age_30_49,age_50_plus
1,Jammu And Kashmir,Kupwara,870354,474190,396164,439654,181664,23226,158438,600759,178435,89679
2,Jammu And Kashmir,Badgam,753745,398041,355704,335649,187839,27190,160649,503223,160933,88978
3,Jammu And Kashmir,Leh(Ladakh),133487,78971,54516,93770,54394,17474,36920,70703,41515,21019
4,Jammu And Kashmir,Kargil,140802,77785,63017,86236,48144,7774,40370,87532,35561,17488
5,Jammu And Kashmir,Punch,476835,251899,224936,261724,147408,15269,132139,304979,109818,61334
6,Jammu And Kashmir,Rajouri,642415,345351,297064,364109,213578,17508,196070,404903,153165,83319
7,Jammu And Kashmir,Kathua,616435,326109,290326,389204,214847,33473,181374,357864,160123,97684
8,Jammu And Kashmir,Baramula,1008039,534733,473306,545149,259475,48932,210543,636524,239659,130513
9,Jammu And Kashmir,Bandipore,392232,207680,184552,185979,98076,17555,80521,252378,90465,48802
10,Jammu And Kashmir,Srinagar,1236829,651124,585705,748584,262239,257721,4518,693238,351561,190330
11,Jammu And Kashmir,Ganderbal,297446,158720,138726,143276,77346,13558,63788,194165,66945,35911
12,Jammu And Kashmir,Pulwama,560440,293064,267376,293958,169223,21703,147520,342601,137032,80111
13,Jammu And Kashmir,Shupiyan,266215,136480,129735,136500,80888,5272,75616,170086,60752,35158
14,Jammu And Kashmir,Anantnag,1078692,559767,518925,545532,277733,70666,207067,704145,239988,133519
15,Jammu And Kashmir,Kulgam,424483,217620,206863,209085,121130,25178,95952,266858,99870,57253
16,Jammu And Kashmir,Doda,409936,213641,196295,219083,133617,11350,122267,263576,93189,52744
17,Jammu And Kashmir,Ramban,283713,149132,134581,124065,89622,5341,84281,188526,61604,33220
18,Jammu And Kashmir,Kishtwar,230696,120165,110531,107506,78371,5993,72378,145931,53415,31084
19,Jammu And Kashmir,Udhampur,554985,296784,258201,322354,183360,34696,148664,339145,140785,74757
20,Jammu And Kashmir,Reasi,314667,166461,148206,150542,107833,12261,95572,203967,70767,39743
21,Jammu And Kashmir,Jammu,1529958,813821,716137,1137135,502609,248043,254566,816827,435895,275585
22,Jammu And Kashmir,Samba,318898,169124,149774,228139,114236,19989,94247,177277,88246,53022
23,Himachal Pradesh,Chamba,519080,261320,257760,323842,200231,13836,186395,306555,130606,81566
24,Himachal Pradesh,Kangra,1510075,750591,759484,1152640,627328,39007,588321,766581,419172,319420
25,Himachal Pradesh,Lahul AND Spiti,31564,16588,14976,21845,17434,0,17434,15928,9181,6200
26,Himachal Pradesh,Kullu,437903,225452,212451,307672,188704,20709,167995,244727,120510,72282
27,Himachal Pradesh,Mandi,999777,498065,501712,723747,462825,31696,431129,524285,279321,194661
28,Himachal Pradesh,Hamirpur,454768,217070,237698,358091,211348,15232,196116,224044,123941,106641
29,Himachal Pradesh,Una,521173,263692,257481,399715,205217,20126,185091,273223,142351,105358
30,Himachal Pradesh,Bilaspur,381956,192764,189192,287620,164445,11987,152458,193671,107367,80497
31,Himachal Pradesh,Solan,580320,308754,271566,428578,244296,51509,192787,321533,167168,90808
32,Himachal Pradesh,Sirmaur,529855,276289,253566,362645,192156,21054,171102,310244,136839,82471
33,Himachal Pradesh,Shimla,814010,425039,388971,612642,375165,95896,279269,425721,241956,145577
34,Himachal Pradesh,Kinnaur,84121,46249,37872,60699,44514,0,44514,42360,26599,15075
35,Punjab,Gurdaspur,2298323,1212617,1085706,1634719,606348,185488,420860,1261421,611353,423301
36,Punjab,Kapurthala,815168,426311,388857,576567,261203,95770,165433,433331,222324,157833
37,Punjab,Jalandhar,2193590,1145211,1048379,1622537,708130,377791,330339,1159156,616431,416449
38,Punjab,Hoshiarpur,1586625,809057,777568,1199699,551265,128592,422673,831741,422782,330671
39,Punjab,Shahid Bhagat Singh Nagar,612310,313291,299019,438459,231551,48383,183168,318597,163305,128310
40,Punjab,Fatehgarh Sahib,600163,320795,279368,426033,174896,57337,117559,321018,166781,111028
41,Punjab,Ludhiana,3498739,1867816,1630923,2560225,1036821,641789,395032,1901528,980046,614258
42,Punjab,Moga,995746,525920,469826,627889,288439,74144,214295,535408,258826,194768
43,Punjab,Firozpur,2029074,1071637,957437,1227511,502390,153868,348522,1171770,525459,331259
44,Punjab,Muktsar,901896,475622,426274,524848,224157,74650,149507,495167,242628,162297
45,Punjab,Faridkot,617508,326671,290837,381285,158863,58917,99946,336540,164962,113721
46,Punjab,Bathinda,1388525,743197,645328,844868,355722,137563,218159,754927,377707,255283
47,Punjab,Mansa,769751,408732,361019,423560,196389,50786,145603,420050,200882,146103
48,Punjab,Patiala,1895686,1002522,893164,1266791,517369,218090,299279,1042519,517079,335100
49,Punjab,Amritsar,2490656,1318408,1172248,1684770,660953,385476,275477,1384987,667193,436496
50,Punjab,Tarn Taran,1119627,589369,530258,666162,267174,44457,222717,641875,283645,190898
51,Punjab,Rupnagar,684627,357485,327142,502731,208699,60537,148162,365300,185424,131707
52,Punjab,Sahibzada Ajit Singh Nagar,994628,529253,465375,736575,291335,174042,117293,540872,281462,171656
53,Punjab,Sangrur,1655169,878029,777140,1002077,448944,156788,292156,904316,435148,311621
54,Punjab,Barnala,595527,317522,278005,359831,156799,54222,102577,322607,158413,114077
55,Chandigarh,Chandigarh,1055450,580663,474787,805438,298367,289456,8911,602411,303748,148945
56,Uttarakhand,Uttarkashi,330086,168597,161489,215126,121209,9061,112148,202426,75997,51245
57,Uttarakhand,Chamoli,391605,193991,197614,280556,186340,22906,163434,229715,93182,67873
58,Uttarakhand,Rudraprayag,242285,114589,127696,170933,117159,4454,112705,141848,54979,44986
59,Uttarakhand,Tehri Garhwal,618931,297986,320945,407994,254236,27177,227059,368324,139371,109998
60,Uttarakhand,Dehradun,1696694,892199,804495,1259506,497638,269393,228245,968517,446046,276280
61,Uttarakhand,Garhwal,687271,326829,360442,494889,316462,36780,279682,380765,160183,145445
62,Uttarakhand,Pithoragarh,483439,239306,244133,345550,209943,26256,183687,273494,116749,92517
63,Uttarakhand,Bageshwar,259898,124326,135572,179483,99911,3880,96031,147488,60569,51672
64,Uttarakhand,Almora,622506,291081,331425,436497,281138,21082,260056,351595,141238,128994
65,Uttarakhand,Champawat,259648,131125,128523,177726,98041,12839,85202,156916,60722,41913
66,Uttarakhand,Nainital,954605,493666,460939,696500,298663,105577,193086,562548,243095,147053
67,Uttarakhand,Udham Singh Nagar,1648902,858783,790119,1037839,414659,145253,269406,1042614,392370,212223
68,Uttarakhand,Hardwar,1890422,1005295,885127,1178354,488011,186183,301828,1207120,435385,246229
69,Haryana,Panchkula,561293,299679,261614,405318,164551,93656,70895,309078,157076,93606
70,Haryana,Ambala,1128350,598703,529647,818025,315256,139891,175365,617859,308126,201685
71,Haryana,Yamunanagar,1214205,646718,567487,832457,357723,143259,214464,694813,317708,201386
72,Haryana,Kurukshetra,964655,510976,453679,646893,291821,88268,203553,552034,250830,160216
73,Haryana,Kaithal,1074304,571003,503301,646529,306787,75696,231091,630194,265813,176320
74,Haryana,Karnal,1505324,797712,707612,978013,428602,135920,292682,884972,380409,234684
75,Haryana,Panipat,1205437,646857,558580,786599,327306,153804,173502,739075,298764,167244
76,Haryana,Sonipat,1450001,781299,668702,998316,417434,133576,283858,855201,360216,233318
77,Haryana,Jind,1334152,713006,621146,832758,368000,89665,278335,784085,335704,213478
78,Haryana,Fatehabad,942011,495360,446651,557578,258380,55360,203020,555745,237009,147469
79,Haryana,Sirsa,1295189,682582,612607,782897,338792,93316,245476,750228,334344,208185
80,Haryana,Hisar,1743931,931562,812369,1114311,456126,154113,302013,1017830,456536,265109
81,Haryana,Bhiwani,1634445,866672,767773,1069871,456282,99235,357047,964960,405760,261428
82,Haryana,Rohtak,1061204,568479,492725,747582,306942,131739,175203,605741,269354,185685
83,Haryana,Jhajjar,958405,514667,443738,676091,290144,78328,211816,549975,245095,162356
84,Haryana,Mahendragarh,922088,486665,435423,630255,267942,44216,223726,530000,229392,161258
85,Haryana,Rewari,900332,474335,425997,636947,268754,69305,199449,518747,230704,150557
86,Haryana,Gurgaon,1514432,816690,697742,1111116,523691,381988,141703,875531,428101,210307
87,Haryana,Mewat,1089263,571162,518101,454897,223635,36237,187398,790930,186916,110688
88,Haryana,Faridabad,1809733,966110,843623,1272739,470681,382981,87700,1095602,481318,231029
89,Haryana,Palwal,1042708,554497,488211,599796,249159,63090,186069,684189,224043,133913
90,Nct Of Delhi,North West,3656539,1960922,1695617,2707855,1026867,959275,67592,2138591,1013424,503055
91,Nct Of Delhi,North,887978,475002,412976,681517,301071,296559,4512,506601,256501,124513
92,Nct Of Delhi,North East,2241624,1188425,1053199,1611588,487581,482255,5326,1393078,581016,264663
93,Nct Of Delhi,East,1709346,907500,801846,1352998,462218,461132,1086,948963,497157,262124
94,Nct Of Delhi,New Delhi,142004,77942,64062,114179,52664,52664,0,76076,43913,21773
95,Nct Of Delhi,Central,582320,307821,274499,442360,194897,194897,0,317650,169533,94448
96,Nct Of Delhi,West,2543243,1356240,1187003,1961179,701512,699703,1809,1399165,732515,408953
97,Nct Of Delhi,South West,2292958,1246046,1046912,1787689,647682,606503,41179,1296955,683209,308675
98,Nct Of Delhi,South,2731929,1467428,1264501,2078402,731063,728145,2918,1588001,785085,355602
99,Rajasthan,Ganganagar,1969168,1043340,925828,1193343,562594,164897,397697,1167889,502211,283484
100,Rajasthan,Hanumangarh,1774692,931184,843508,1034136,497753,108694,389059,1058044,453114,242361
101,Rajasthan,Bikaner,2363937,1240801,1123136,1278801,531933,196179,335754,1543867,517271,288165
102,Rajasthan,Churu,2039547,1051446,988101,1149269,493893,148996,344897,1293193,458725,272176
103,Rajasthan,Jhunjhunun,2137045,1095896,1041149,1370360,650809,150357,500452,1298780,494124,330126
104,Rajasthan,Alwar,3674179,1939026,1735153,2182476,995261,212967,782294,2346721,836000,490137
105,Rajasthan,Bharatpur,2548462,1355726,1192736,1480869,609134,129697,479437,1659515,546362,329127
106,Rajasthan,Dhaulpur,1206516,653647,552869,683098,273296,58626,214670,815651,248416,141365
107,Rajasthan,Karauli,1458248,783639,674609,805849,364355,59308,305047,947173,310688,192042
108,Rajasthan,Sawai Madhopur,1335551,704031,631520,741748,353321,71264,282057,841697,309237,183234
109,Rajasthan,Dausa,1634409,857787,776622,938051,420694,59610,361084,1047136,358718,210117
110,Rajasthan,Jaipur,6626178,3468507,3157671,4300965,1732679,977838,754841,4091148,1646480,884057
111,Rajasthan,Sikar,2677333,1374990,1302343,1652117,705834,178274,527560,1672813,605002,381226
112,Rajasthan,Nagaur,3307743,1696325,1611418,1758624,842201,166489,675712,2088323,754143,463469
113,Rajasthan,Jodhpur,3687165,1923928,1763237,2031532,891657,307442,584215,2359786,836322,489280
114,Rajasthan,Jaisalmer,669919,361708,308211,308653,189947,30830,159117,448969,140294,79977
115,Rajasthan,Barmer,2603751,1369022,1234729,1188322,598805,55980,542825,1731122,527629,326476
116,Rajasthan,Jalor,1828730,936634,892096,829582,467418,48202,419216,1176496,390598,249379
117,Rajasthan,Sirohi,1036346,534231,502115,476806,308174,69639,238535,649290,244401,142251
118,Rajasthan,Pali,2037573,1025422,1012151,1085693,652717,139808,512909,1207983,467436,343384
119,Rajasthan,Ajmer,2583052,1324085,1258967,1526673,684254,274919,409335,1561077,629951,388040
120,Rajasthan,Tonk,1421326,728136,693190,749659,380666,81755,298911,880194,334006,205593
121,Rajasthan,Bundi,1110906,577160,533746,585044,303288,63452,239836,686771,267648,155958
122,Rajasthan,Bhilwara,2408523,1220736,1187787,1256126,675880,145865,530015,1439454,589476,365023
123,Rajasthan,Rajsamand,1156597,581339,575258,619139,365676,61054,304622,687165,275099,193668
124,Rajasthan,Dungarpur,1388552,696532,692020,681591,354363,31547,322816,868458,317700,191917
125,Rajasthan,Banswara,1797485,907754,889731,829343,429844,39407,390437,1153029,406214,216554
126,Rajasthan,Chittaurgarh,1544338,783171,761167,821825,455653,88873,366780,880043,398303,258997
127,Rajasthan,Kota,1951014,1021161,929853,1298345,515189,311735,203454,1177474,495896,275396
128,Rajasthan,Baran,1222755,633945,588810,693307,318988,69804,249184,762204,286344,173100
129,Rajasthan,Jhalawar,1411129,725143,685986,739792,362387,63763,298624,850546,346110,213674
130,Rajasthan,Udaipur,3068420,1566801,1501619,1582629,848218,182769,665449,1876436,739287,451034
131,Rajasthan,Pratapgarh,867848,437744,430104,401515,234082,24269,209813,545987,204801,115608
132,Uttar Pradesh,Saharanpur,3466382,1834106,1632276,2077108,889238,284156,605082,2228689,769736,433862
133,Uttar Pradesh,Muzaffarnagar,4143512,2193434,1950078,2417339,969850,296104,673746,2671757,911621,544283
134,Uttar Pradesh,Bijnor,3682713,1921215,1761498,2135393,908523,224648,683875,2404576,786305,450186
135,Uttar Pradesh,Moradabad,4772006,2503186,2268820,2263848,1047916,355518,692398,3168270,988486,525574
136,Uttar Pradesh,Rampur,2335819,1223889,1111930,1043666,539992,143217,396775,1576123,491164,258913
137,Uttar Pradesh,Jyotiba Phule Nagar,1840221,963449,876772,983110,451374,115486,335888,1227283,391275,215849
138,Uttar Pradesh,Meerut,3443689,1825743,1617946,2141488,803823,422303,381520,2165117,780475,451827
139,Uttar Pradesh,Baghpat,1303048,700070,602978,797970,316046,69991,246055,817140,283276,194548
140,Uttar Pradesh,Ghaziabad,4681645,2488834,2192811,3123264,1191723,836316,355407,2891069,1139871,559963
141,Uttar Pradesh,Gautam Buddha Nagar,1648115,890214,757901,1122947,509770,338935,170835,1015648,402967,188862
142,Uttar Pradesh,Bulandshahr,3499171,1845260,1653911,2031656,880077,221628,658449,2246254,753949,472808
143,Uttar Pradesh,Aligarh,3673889,1951996,1721893,2092567,858059,275942,582117,2378289,787408,472667
144,Uttar Pradesh,Mahamaya Nagar,1564708,836127,728581,942572,373033,84883,288150,1011157,339137,210083
145,Uttar Pradesh,Mathura,2547184,1367125,1180059,1507746,585290,177802,407488,1600686,535738,327854
146,Uttar Pradesh,Agra,4418797,2364953,2053844,2680510,903823,406852,496971,2871903,991255,547873
147,Uttar Pradesh,Firozabad,2498156,1332046,1166110,1521806,535368,185621,349747,1621154,543730,312689
148,Uttar Pradesh,Mainpuri,1868529,993377,875152,1203885,411258,72783,338475,1193660,402321,265638
149,Uttar Pradesh,Budaun,3681896,1967759,1714137,1547477,867624,156668,710956,2436051,748408,424194
150,Uttar Pradesh,Bareilly,4448359,2357665,2090694,2191759,994411,362798,631613,2893965,952233,514141
151,Uttar Pradesh,Pilibhit,2031007,1072002,959005,1061095,461390,89638,371752,1320476,449673,256276
152,Uttar Pradesh,Shahjahanpur,3006538,1606403,1400135,1490930,655003,134714,520289,1961237,652237,368743
153,Uttar Pradesh,Kheri,4021243,2123187,1898056,2034044,862610,107672,754938,2582597,896611,510832
154,Uttar Pradesh,Sitapur,4483992,2375264,2108728,2283733,938902,111319,827583,2862383,1000987,588318
155,Uttar Pradesh,Hardoi,4092845,2191442,1901403,2221601,907677,121064,786613,2598364,905306,559988
156,Uttar Pradesh,Unnao,3108367,1630087,1478280,1773584,717356,121039,596317,1893706,706851,453462
157,Uttar Pradesh,Lucknow,4589838,2394476,2195362,3127260,1061721,717566,344155,2678289,1161686,685258
158,Uttar Pradesh,Rae Bareli,3405559,1752542,1653017,1965843,778418,73393,705025,2116007,776583,506583
159,Uttar Pradesh,Farrukhabad,1885204,1006240,878964,1092677,411490,94843,316647,1224584,411153,246795
160,Uttar Pradesh,Kannauj,1656616,881776,774840,1017087,365770,65985,299785,1069916,361028,223535
161,Uttar Pradesh,Etawah,1581810,845856,735954,1062003,351126,85483,265643,979633,362026,237786
162,Uttar Pradesh,Auraiya,1379545,740040,639505,930836,314274,58438,255836,856336,320763,202054
163,Uttar Pradesh,Kanpur Dehat,1796184,963255,832929,1170243,405256,41323,363933,1100820,415918,276272
164,Uttar Pradesh,Kanpur Nagar,4581268,2459806,2121462,3243022,1049775,684906,364869,2630411,1209554,731795
165,Uttar Pradesh,Jalaun,1689974,906092,783882,1075196,396421,91565,304856,1002817,410090,274954
166,Uttar Pradesh,Jhansi,1998603,1057436,941167,1304513,504913,195321,309592,1171301,510728,308331
167,Uttar Pradesh,Lalitpur,1221592,641011,580581,641191,301832,43819,258013,793551,265080,159666
168,Uttar Pradesh,Hamirpur,1104285,593537,510748,653299,311381,55300,256081,660774,260368,181109
169,Uttar Pradesh,Mahoba,875958,466358,409600,488106,246823,48525,198298,527067,201394,137393
170,Uttar Pradesh,Banda,1799410,965876,833534,1002937,445625,67569,378056,1120432,408527,265310
171,Uttar Pradesh,Chitrakoot,991730,527721,464009,531072,230795,23558,207237,638046,214228,136669
172,Uttar Pradesh,Fatehpur,2632733,1384722,1248011,1512166,636540,77733,558807,1624830,603831,395547
173,Uttar Pradesh,Pratapgarh,3209141,1606085,1603056,1931559,752786,41701,711085,2002569,703727,492097
174,Uttar Pradesh,Kaushambi,1599596,838485,761111,813424,380620,30764,349856,1034099,336401,210556
175,Uttar Pradesh,Allahabad,5954391,3131807,2822584,3665727,1248570,265304,983266,3764404,1335224,818137
176,Uttar Pradesh,Bara Banki,3260699,1707073,1553626,1692458,714908,79068,635840,2043335,709494,445269
177,Uttar Pradesh,Faizabad,2470996,1259628,1211368,1450901,589666,79288,510378,1534832,543148,367332
178,Uttar Pradesh,Ambedkar Nagar,2397888,1212410,1185478,1486939,566590,65031,501559,1499494,515229,367234
179,Uttar Pradesh,Sultanpur,3797117,1914586,1882531,2239902,889628,49891,839737,2376875,828222,580164
180,Uttar Pradesh,Bahraich,3487731,1843884,1643847,1398368,760262,61742,698520,2275746,754346,446242
181,Uttar Pradesh,Shrawasti,1117361,593897,523464,423313,257274,8504,248770,723443,245098,143979
182,Uttar Pradesh,Balrampur,2148665,1114721,1033944,868357,445838,35768,410070,1415213,442339,283947
183,Uttar Pradesh,Gonda,3433919,1787146,1646773,1679994,726372,52794,673578,2223078,734903,464584
184,Uttar Pradesh,Siddharthnagar,2559297,1295095,1264202,1228926,513513,33348,480165,1690396,504002,359977
185,Uttar Pradesh,Basti,2464464,1255272,1209192,1393783,545025,31065,513960,1574037,519265,363891
186,Uttar Pradesh,Sant Kabir Nagar,1715183,869656,845527,954949,352151,27179,324972,1108368,352395,250502
187,Uttar Pradesh,Mahrajganj,2684703,1381754,1302949,1419144,607079,34033,573046,1694493,595114,370573
188,Uttar Pradesh,Gorakhpur,4440895,2277777,2163118,2700328,951128,189170,761958,2755630,992114,659677
189,Uttar Pradesh,Kushinagar,3564544,1818055,1746489,1954820,785099,42775,742324,2236842,772777,500373
190,Uttar Pradesh,Deoria,3100946,1537436,1563510,1875239,665706,67928,597778,1946336,664708,481219
191,Uttar Pradesh,Azamgarh,4613913,2285004,2328909,2771917,971458,80434,891024,2930243,965876,699954
192,Uttar Pradesh,Mau,2205968,1114709,1091259,1363044,451528,99321,352207,1402738,467343,323260
193,Uttar Pradesh,Ballia,3239774,1672902,1566872,1963590,629381,64454,564927,1975934,724362,502628
194,Uttar Pradesh,Jaunpur,4494204,2220465,2273739,2731677,1006670,80582,926088,2826453,927026,689979
195,Uttar Pradesh,Ghazipur,3620268,1855075,1765193,2197549,761640,61467,700173,2234593,774130,556273
196,Uttar Pradesh,Chandauli,1952756,1017905,934851,1174606,395759,50822,344937,1222695,437000,287767
197,Uttar Pradesh,Varanasi,3676841,1921857,1754984,2403903,755064,316129,438935,2260457,856070,531549
198,Uttar Pradesh,Sant Ravidas Nagar (Bhadohi),1578213,807099,771114,910146,339507,45997,293510,1032294,331743,209920
199,Uttar Pradesh,Mirzapur,2496970,1312302,1184668,1428683,543115,77963,465152,1590528,552177,346773
200,Uttar Pradesh,Sonbhadra,1862559,971344,891215,985708,428088,91040,337048,1203938,418914,237866
201,Uttar Pradesh,Etah,1774480,947339,827141,1055202,401998,67752,334246,1149372,383707,237427
202,Uttar Pradesh,Kanshiram Nagar,1436719,764165,672554,724850,343724,72490,271234,946320,301252,183434
203,Bihar,Pashchim Champaran,3935042,2061110,1873932,1759481,936134,96620,839514,2544205,888205,497793
204,Bihar,Purba Champaran,5099371,2681209,2418162,2276957,1243825,101565,1142260,3316422,1122340,648009
205,Bihar,Sheohar,656246,346673,309573,283698,166000,7516,158484,421241,139909,93398
206,Bihar,Sitamarhi,3423574,1803252,1620322,1436794,856964,49670,807294,2206340,739982,449035
207,Bihar,Madhubani,4487379,2329313,2158066,2155338,1088786,41234,1047552,2860455,1009424,611899
208,Bihar,Supaul,2229076,1155283,1073793,1033283,600102,27815,572287,1453438,495020,277610
209,Bihar,Araria,2811569,1463333,1348236,1195768,703274,44213,659061,1872943,612012,324091
210,Bihar,Kishanganj,1690400,866970,823430,745056,445150,43357,401793,1139615,361114,188447
211,Bihar,Purnia,3264619,1699370,1565249,1332326,798596,85749,712847,2155512,696556,372692
212,Bihar,Katihar,3071029,1600430,1470599,1280190,738070,69838,668232,2054202,660403,353483
213,Bihar,Madhepura,2001762,1047559,954203,834577,510278,24000,486278,1311771,444235,242382
214,Bihar,Saharsa,1900661,997174,903487,804996,470697,38046,432651,1249692,415863,233870
215,Bihar,Darbhanga,3937385,2059949,1877436,1816634,1002713,95539,907174,2535344,865971,529314
216,Bihar,Muzaffarpur,4801062,2527497,2273565,2509232,1119394,120700,998694,3016735,1079189,697108
217,Bihar,Gopalganj,2562012,1267666,1294346,1382998,554058,38133,515925,1642807,546202,370662
218,Bihar,Siwan,3330464,1675090,1655374,1930175,674372,41858,632514,2115448,713597,498299
219,Bihar,Saran,3951862,2022821,1929041,2157454,777622,76299,701323,2516115,847031,585386
220,Bihar,Vaishali,3495021,1844535,1650486,1926740,750811,51494,699317,2176701,759132,486032
221,Bihar,Samastipur,4261566,2230003,2031563,2142880,1056465,43486,1012979,2766930,913339,568812
222,Bihar,Begusarai,2970541,1567660,1402881,1548673,733625,139248,594377,1951688,644874,369996
223,Bihar,Khagaria,1666886,883786,783100,768028,394703,21007,373696,1114645,355531,195796
224,Bihar,Bhagalpur,3037766,1615663,1422103,1573066,653161,130634,522527,1952879,674660,397654
225,Bihar,Banka,2034763,1067140,967623,965321,444096,18492,425604,1291235,462080,278863
226,Bihar,Munger,1367765,729041,638724,801817,308063,85782,222281,860147,316713,188319
227,Bihar,Lakhisarai,1000912,526345,474567,507270,207645,31763,175882,650642,218840,130655
228,Bihar,Sheikhpura,636342,329743,306599,328676,132638,24345,108293,413475,136898,85045
229,Bihar,Nalanda,2877653,1497060,1380593,1519933,616663,102522,514141,1829128,642197,403129
230,Bihar,Patna,5838465,3078512,2759953,3459679,1210094,552103,657991,3626564,1382654,815638
231,Bihar,Bhojpur,2728407,1430380,1298027,1599151,511927,77368,434559,1722387,613072,387389
232,Bihar,Buxar,1706352,887977,818375,989807,334657,35405,299252,1074754,375372,253998
233,Bihar,Kaimur (Bhabua),1626384,847006,779378,920276,340442,15299,325143,1039302,353413,226808
234,Bihar,Rohtas,2959918,1543546,1416372,1799832,608061,95678,512383,1875174,673742,407193
235,Bihar,Aurangabad,2540073,1318684,1221389,1466002,477297,49006,428291,1626969,564571,340948
236,Bihar,Gaya,4391418,2266566,2124852,2297613,807571,111282,696289,2810026,936630,537333
237,Bihar,Nawada,2219146,1144668,1074478,1091012,424874,45323,379551,1440781,485628,288805
238,Bihar,Jamui,1760405,916064,844341,858588,356760,30851,325909,1135919,392052,227016
239,Bihar,Jehanabad,1125313,585582,539731,618881,214792,28132,186660,714244,254582,155106
240,Bihar,Arwal,700843,363497,337346,386351,144294,9960,134334,444448,156031,98550
241,Sikkim,North  District,43709,24730,18979,30450,13609,2066,11543,27099,11674,4887
242,Sikkim,West District,136435,70238,66197,93432,33977,1886,32091,84209,32520,19400
243,Sikkim,South District,146850,76670,70180,106741,39298,8163,31135,87982,37318,20982
244,Sikkim,East District,283583,151432,132151,214329,82138,41512,40626,165520,80354,37456
245,Arunachal Pradesh,Tawang,49977,29151,20826,26073,13182,2452,10730,30709,13849,5399
246,Arunachal Pradesh,West Kameng,83947,46155,37792,48492,24195,6306,17889,53026,22362,8493
247,Arunachal Pradesh,East Kameng,78690,38775,39915,38449,19718,5215,14503,53752,17922,6960
248,Arunachal Pradesh,Papum Pare,176573,89182,87391,121048,50488,30180,20308,120592,43812,11856
249,Arunachal Pradesh,Upper Subansiri,83448,41758,41690,45278,19214,4672,14542,56054,20055,7230
250,Arunachal Pradesh,West Siang,112274,58168,54106,64746,30775,8503,22272,70415,28305,13469
251,Arunachal Pradesh,East Siang,99214,50116,49098,62576,29021,9524,19497,61993,25334,11802
252,Arunachal Pradesh,Upper Siang,35320,18699,16621,18195,10751,2182,8569,21090,8910,5252
253,Arunachal Pradesh,Changlang,148226,76948,71278,73174,39920,6498,33422,96630,35018,16414
254,Arunachal Pradesh,Tirap,111975,57604,54371,47974,24920,6500,18420,71785,25669,14423
255,Arunachal Pradesh,Lower Subansiri,83030,41843,41187,54057,23477,5365,18112,55258,20305,7412
256,Arunachal Pradesh,Kurung Kumey,92076,45318,46758,36606,19695,1092,18603,64379,20713,6836
257,Arunachal Pradesh,Dibang Valley,8004,4414,3590,4436,3230,1175,2055,5113,2088,786
258,Arunachal Pradesh,Lower Dibang Valley,54080,28053,26027,31849,15950,3950,12000,35140,13254,5652
259,Arunachal Pradesh,Lohit,145726,76221,69505,83062,44971,11372,33599,94890,35493,15195
260,Arunachal Pradesh,Anjaw,21167,11507,9660,9990,6453,428,6025,13913,4755,2456
261,Nagaland,Mon,250260,131753,118507,119626,51022,7415,43607,168773,53600,27437
262,Nagaland,Mokokchung,194622,101092,93530,159494,55278,17742,37536,111243,52853,30363
263,Nagaland,Zunheboto,140757,71217,69540,102881,37311,6044,31267,91709,32267,16730
264,Nagaland,Wokha,166343,84505,81838,128208,46669,8170,38499,106951,40510,18811
265,Nagaland,Dimapur,378811,197394,181417,278037,111969,62853,49116,243392,98601,36618
266,Nagaland,Phek,163418,83743,79675,105893,46198,7295,38903,108514,37842,16969
267,Nagaland,Tuensang,196596,101933,94663,117511,50141,9451,40690,134573,43210,18762
268,Nagaland,Longleng,50484,26502,23982,29859,15137,2451,12686,33970,11210,5271
269,Nagaland,Kiphire,74004,37830,36174,41232,20322,4290,16032,52699,14955,6309
270,Nagaland,Kohima,267988,138966,129022,197489,76100,44255,31845,173701,68485,25557
271,Nagaland,Peren,95219,49714,45505,62204,24277,4073,20204,64393,21597,9156
272,Manipur,Senapati,479148,247323,231825,264477,39834,1826,38008,314439,111516,52008
273,Manipur,Tamenglong,140651,72371,68280,85006,28101,4119,23982,90273,33290,16924
274,Manipur,Churachandpur,274143,138820,135323,195935,57825,4853,52972,168608,67802,37096
275,Manipur,Bishnupur,237399,118782,118617,156333,56149,21172,34977,135220,62907,38815
276,Manipur,Thoubal,422168,210845,211323,269304,104263,38302,65961,251975,107196,62060
277,Manipur,Imphal West,517992,255054,262938,392626,136801,85746,51055,278940,148146,89394
278,Manipur,Imphal East,456113,226094,230019,324664,110941,46520,64421,261530,123439,70005
279,Manipur,Ukhrul,183998,94718,89280,129829,41890,5806,36084,113715,43646,25165
280,Manipur,Chandel,144182,74579,69603,90302,34160,3783,30377,86255,39324,18329
281,Mizoram,Mamit,86364,44828,41536,60191,20855,4129,16726,55914,20082,10318
282,Mizoram,Kolasib,83955,42918,41037,65895,22176,12507,9669,52147,20576,11167
283,Mizoram,Aizawl,400309,199270,201039,340595,100911,80341,20570,235892,108094,56092
284,Mizoram,Champhai,125745,63388,62357,100802,31112,12717,18395,78778,29690,17189
285,Mizoram,Serchhip,64937,32851,32086,54476,15490,8018,7472,39568,15894,9404
286,Mizoram,Lunglei,161428,82891,78537,121122,38794,17315,21479,100250,39690,21424
287,Mizoram,Lawngtlai,117894,60599,57295,62861,27266,5273,21993,80723,25303,11831
288,Mizoram,Saiha,56574,28594,27980,42233,12827,5784,7043,37127,12784,6636
289,Tripura,West Tripura,1725739,879428,846311,1361354,506637,217016,289621,940424,499719,284637
290,Tripura,South Tripura,876001,447544,428457,646810,264077,44906,219171,505558,236676,133424
291,Tripura,Dhalai,378230,194544,183686,276217,103528,14071,89457,232286,95548,50269
292,Tripura,North Tripura,693947,352860,341087,520402,192621,42184,150437,414878,178608,100274
293,Meghalaya,West Garo Hills,643291,324159,319132,358702,157945,18594,139351,427629,143604,70599
294,Meghalaya,East Garo Hills,317917,161223,156694,192147,74216,11518,62698,216742,70424,29926
295,Meghalaya,South Garo Hills,142334,73170,69164,82062,39643,3713,35930,97082,30605,14495
296,Meghalaya,West Khasi Hills,383461,193715,189746,230678,87131,12299,74832,278569,69988,33431
297,Meghalaya,Ribhoi,258840,132531,126309,155859,63724,5736,57988,183343,52945,22365
298,Meghalaya,East Khasi Hills,825922,410749,415173,578030,215091,108843,106248,545961,192428,86576
299,Meghalaya,Jaintia Hills,395124,196285,198839,187527,83717,7171,76546,291097,72934,30362
300,Assam,Kokrajhar,887142,452905,434237,489305,222011,17115,204896,552671,224715,108956
301,Assam,Dhubri,1949258,997848,951410,922341,521019,60417,460602,1286592,439375,221745
302,Assam,Goalpara,1008183,513292,494891,563577,268114,39504,228610,650509,239831,117427
303,Assam,Barpeta,1693622,867004,826618,897058,499381,52192,447189,1072312,405046,215355
304,Assam,Morigaon,957423,486651,470772,539902,257481,25275,232206,612737,225224,118271
305,Assam,Nagaon,2823768,1439112,1384656,1710716,799185,124186,674999,1778277,678034,366112
306,Assam,Sonitpur,1924110,983904,940206,1108572,547853,64528,483325,1159991,501239,261648
307,Assam,Lakhimpur,1042137,529674,512463,683486,327933,34694,293239,639385,268872,133615
308,Assam,Dhemaji,686133,351249,334884,423028,228262,16504,211758,434221,169630,82051
309,Assam,Tinsukia,1327929,680231,647698,798322,381614,90910,290704,799874,352158,175377
310,Assam,Dibrugarh,1326335,676434,649901,884531,377015,77163,299852,767147,371864,186774
311,Assam,Sivasagar,1151050,589216,561834,813505,405229,45047,360182,648056,330947,171710
312,Assam,Jorhat,1092256,556805,535451,794929,367154,80824,286330,604908,315550,171062
313,Assam,Golaghat,1066888,543161,523727,721764,327083,34190,292893,629153,289085,148244
314,Assam,Karbi Anglong,956313,490167,466146,557214,252876,37185,215691,618633,233739,103123
315,Assam,Dima Hasao,214102,110802,103300,140873,58919,21309,37610,135463,53699,24830
316,Assam,Cachar,1736617,886284,850333,1174128,435160,88933,346227,1048990,444899,241776
317,Assam,Karimganj,1228686,625864,602822,795297,294640,32695,261945,779850,284368,163990
318,Assam,Hailakandi,659296,337890,321406,407366,175417,16202,159215,419921,156243,82841
319,Assam,Bongaigaon,738804,375818,362986,434078,220393,38470,181923,458796,184849,94939
320,Assam,Chirang,482162,244860,237302,259902,140631,11613,129018,301518,122244,58282
321,Assam,Kamrup,1517542,778461,739081,995319,434445,43849,390596,895775,408232,212740
322,Assam,Kamrup Metropolitan,1253938,647585,606353,1001191,428192,366858,61334,659453,401500,190908
323,Assam,Nalbari,771639,396006,375633,531771,238944,28238,210706,442061,211320,117809
324,Assam,Baksa,950075,481330,468745,572837,295221,3580,291641,563089,256282,130083
325,Assam,Darrang,928500,475273,453227,487039,288706,20189,268517,583436,226525,118102
326,Assam,Udalguri,831668,421617,410051,469926,281625,13835,267790,499214,221518,109962
327,West Bengal,Darjiling,1846823,937259,909564,1315585,518959,215675,303284,1031221,523288,289979
328,West Bengal,Jalpaiguri,3872846,1983064,1889782,2498780,1117804,319426,798378,2259507,1035449,575667
329,West Bengal,Koch Bihar,2819086,1451542,1367544,1850504,900738,97331,803407,1623320,744646,448761
330,West Bengal,Uttar Dinajpur,3007134,1551066,1456068,1489667,778250,94269,683981,1916033,704859,385155
331,West Bengal,Dakshin Dinajpur,1676276,857199,819077,1083685,461026,70077,390949,937283,465982,271423
332,West Bengal,Maldah,3988845,2051541,1937304,2086432,958996,128678,830318,2511004,955283,520122
333,West Bengal,Murshidabad,7103807,3627564,3476243,4055834,1851965,350899,1501066,4390564,1717594,991413
334,West Bengal,Birbhum,3502404,1790920,1711484,2158447,965609,134565,831044,2008655,952059,539463
335,West Bengal,Barddhaman,7717563,3966889,3750674,5247208,2227236,862368,1364868,4149420,2265543,1292913
336,West Bengal,Nadia,5167600,2653768,2513832,3480555,1549771,468390,1081381,2745828,1484986,934417
337,West Bengal,North Twenty Four Parganas,10009781,5119389,4890392,7608693,2859140,1649803,1209337,5104876,2968996,1921143
338,West Bengal,Hugli,5519145,2814653,2704492,4078388,1640038,647953,992085,2766489,1688206,1060821
339,West Bengal,Bankura,3596674,1838095,1758579,2232992,991400,90885,900515,1942335,1014764,637834
340,West Bengal,Puruliya,2930115,1496996,1433119,1624905,752652,99433,653219,1678057,764776,484166
341,West Bengal,Haora,4850029,2500819,2349210,3605206,1352697,869313,483384,2587164,1423304,833104
342,West Bengal,Kolkata,4496694,2356766,2139928,3588137,1308106,1308106,0,2025389,1433314,1014769
343,West Bengal,South Twenty Four Parganas,8161961,4173778,3988183,5531657,2180232,611430,1568802,4763943,2151474,1235558
344,West Bengal,Paschim Medinipur,5913457,3007885,2905572,4078412,1565383,201048,1364335,3243971,1664250,990179
345,West Bengal,Purba Medinipur,5095875,2629834,2466041,3923194,1363713,170707,1193006,2866678,1384242,842025
346,Jharkhand,Garhwa,1322784,683575,639209,653476,292052,19180,272872,860869,284036,177599
347,Jharkhand,Chatra,1042886,533935,508951,510061,215502,14528,200974,692650,222892,126682
348,Jharkhand,Kodarma,716259,367222,349037,390249,151485,34771,116714,462098,158603,95309
349,Jharkhand,Giridih,2445474,1258098,1187376,1253475,499450,46886,452564,1597269,533788,312967
350,Jharkhand,Deoghar,1492073,775022,717051,793538,321710,64337,257373,944961,338413,205514
351,Jharkhand,Godda,1313551,677927,635624,604519,292030,15576,276454,820367,308639,183519
352,Jharkhand,Sahibganj,1150567,589391,561176,483263,260993,37543,223450,745027,261849,137727
353,Jharkhand,Pakur,900422,452661,447761,352881,217175,16587,200588,587976,206826,104418
354,Jharkhand,Dhanbad,2684487,1405956,1278531,1722204,664219,405455,258764,1634835,648876,356445
355,Jharkhand,Bokaro,2062330,1072807,989523,1273520,508764,258452,250312,1261238,510375,282115
356,Jharkhand,Lohardaga,461790,232629,229161,259707,111484,14725,96759,298844,100340,62244
357,Jharkhand,Purbi Singhbhum,2293919,1176902,1117017,1507699,604663,342126,262537,1292595,632314,368148
358,Jharkhand,Palamu,1939869,1006302,933567,1024563,407904,52375,355529,1244572,425668,268387
359,Jharkhand,Latehar,726978,369666,357312,350682,160514,14137,146377,484084,152720,89870
360,Jharkhand,Hazaribagh,1734495,890881,843614,1013249,381748,68765,312983,1107452,396466,230033
361,Jharkhand,Ramgarh,949443,494230,455213,596497,252625,118558,134067,594747,230525,123794
362,Jharkhand,Dumka,1321442,668514,652928,672409,326978,23281,303697,799323,324226,196164
363,Jharkhand,Jamtara,791042,404830,386212,426312,185668,20113,165555,480895,189889,116810
364,Jharkhand,Ranchi,2914253,1494937,1419316,1911433,730982,310242,420740,1742293,725938,409166
365,Jharkhand,Khunti,531885,266335,265550,284575,135719,12474,123245,327152,125649,78736
366,Jharkhand,Gumla,1025213,514390,510823,559720,233074,16445,216629,643579,225871,155452
367,Jharkhand,Simdega,599578,300309,299269,343483,155283,11114,144169,357859,143560,97817
368,Jharkhand,Pashchimi Singhbhum,1502338,749385,752953,727561,400324,63396,336928,960987,353305,187635
369,Jharkhand,Saraikela-Kharsawan,1065056,544411,520645,612993,285687,68439,217248,634975,265892,161542
370,Orissa,Bargarh,1481255,749161,732094,983783,458961,47395,411566,787033,410005,282422
371,Orissa,Jharsuguda,579505,296690,282815,405879,177186,73962,103224,320156,159477,98555
372,Orissa,Sambalpur,1041099,526877,514222,703691,315495,94798,220697,565700,286575,186726
373,Orissa,Debagarh,312520,158230,154290,197819,98758,7350,91408,176062,81789,53989
374,Orissa,Sundargarh,2093437,1061147,1032290,1342322,618062,230151,387911,1188918,573238,324436
375,Orissa,Kendujhar,1801733,906487,895246,1052518,574298,83664,490634,1038890,472908,282751
376,Orissa,Mayurbhanj,2519738,1256213,1263525,1369397,753589,64479,689110,1449729,650135,414076
377,Orissa,Baleshwar,2320529,1185787,1134742,1621232,683594,82440,601154,1303828,622575,390611
378,Orissa,Bhadrak,1506337,760260,746077,1094140,428106,54244,373862,848660,393629,260486
379,Orissa,Kendrapara,1440361,717814,722547,1089265,438243,23494,414749,771284,374559,290894
380,Orissa,Jagatsinghapur,1136971,577865,559106,889027,352732,43047,309685,577896,317148,238753
381,Orissa,Cuttack,2624470,1352760,1271710,2011469,790297,210768,579529,1372301,743090,499895
382,Orissa,Jajapur,1827192,926034,901158,1290455,541139,45528,495611,1010147,479392,332706
383,Orissa,Dhenkanal,1192811,612593,580218,829910,352369,36979,315390,641697,326233,222398
384,Orissa,Anugul,1273821,655718,618103,869456,414587,74177,340410,708493,347521,213517
385,Orissa,Nayagarh,962789,502636,460153,688362,288334,26688,261646,502136,262086,196994
386,Orissa,Khordha,2251673,1167137,1084536,1749936,688729,356895,331834,1199521,653346,391701
387,Orissa,Puri,1698730,865380,833350,1291939,474224,72210,402014,888134,477430,328666
388,Orissa,Ganjam,3529031,1779218,1749813,2210050,1015394,219918,795476,1980232,924756,613249
389,Orissa,Gajapati,577817,282882,294935,262537,175145,23050,152095,345387,144043,85072
390,Orissa,Kandhamal,733110,359945,373165,399786,242935,24489,218446,436625,177471,117777
391,Orissa,Baudh,441162,221625,219537,271612,137954,6577,131377,253467,111571,75046
392,Orissa,Subarnapur,610183,311312,298871,398421,193502,16575,176927,341561,153760,113450
393,Orissa,Balangir,1648997,830097,818900,927260,538962,62192,476770,904026,430011,310876
394,Orissa,Nuapada,610382,301962,308420,299383,209127,11869,197258,344075,152681,112325
395,Orissa,Kalahandi,1576869,787101,789768,802036,494748,38412,456336,880160,415778,275533
396,Orissa,Rayagada,967911,471960,495951,407735,286548,49205,237343,577569,245766,140825
397,Orissa,Nabarangapur,1220946,604812,616134,470379,372264,29424,342840,745206,297552,171761
398,Orissa,Koraput,1379647,678809,700838,568090,460128,78339,381789,818578,348803,207206
399,Orissa,Malkangiri,613192,303624,309568,244706,183723,15839,167884,381913,146355,83284
400,Chhattisgarh,Koriya,658917,334737,324180,397823,181615,59763,121852,399581,165022,94073
401,Chhattisgarh,Surguja,2359886,1193129,1166757,1187941,590763,65167,525596,1441436,561915,355077
402,Chhattisgarh,Jashpur,851669,424747,426922,495415,226392,20722,205670,488965,214455,148100
403,Chhattisgarh,Raigarh,1493984,750278,743706,951639,420916,66638,354278,841958,398257,253488
404,Chhattisgarh,Korba,1206640,612915,593725,748759,332653,126055,206598,729708,309479,166959
405,Chhattisgarh,Janjgir - Champa,1619707,815717,803990,1019634,440773,61190,379583,975114,383172,260898
406,Chhattisgarh,Bilaspur,2663629,1351574,1312055,1596560,737806,188174,549632,1625484,655032,380114
407,Chhattisgarh,Kabeerdham,822526,412058,410468,414167,211179,23868,187311,515971,198517,107854
408,Chhattisgarh,Rajnandgaon,1537133,762855,774278,1008379,390132,76528,313604,898915,404418,233068
409,Chhattisgarh,Durg,3343872,1682101,1661771,2303378,883189,349741,533448,1919832,898241,523656
410,Chhattisgarh,Raipur,4063872,2048186,2015686,2629749,1068500,395001,673499,2454299,1038155,560184
411,Chhattisgarh,Mahasamund,1032754,511967,520787,637963,310567,35774,274793,582544,272009,177826
412,Chhattisgarh,Dhamtari,799781,397897,401884,546833,210481,41792,168689,461125,213021,125429
413,Chhattisgarh,Uttar Bastar Kanker,748941,373338,375603,456042,194069,24878,169191,437598,197603,113450
414,Chhattisgarh,Bastar,1413199,698487,714712,650863,371319,54894,316425,864272,358157,189569
415,Chhattisgarh,Narayanpur,139820,70104,69716,56621,33095,6179,26916,91338,33956,14367
416,Chhattisgarh,Dakshin Bastar Dantewada,533638,264142,269496,191237,137849,31304,106545,334987,140188,58170
417,Chhattisgarh,Bijapur,255230,128663,126567,86919,58391,7942,50449,167348,63802,23927
418,Madhya Pradesh,Sheopur,687861,361784,326077,328025,176522,26376,150146,449974,155063,82416
419,Madhya Pradesh,Morena,1965970,1068417,897553,1179685,414586,95288,319298,1254302,452484,257704
420,Madhya Pradesh,Bhind,1703005,926843,776162,1094917,359596,88385,271211,1040736,399676,258588
421,Madhya Pradesh,Gwalior,2032036,1090327,941709,1357210,444892,272172,172720,1218319,519728,291451
422,Madhya Pradesh,Datia,786754,420157,366597,491445,203854,43401,160453,473097,195131,118186
423,Madhya Pradesh,Shivpuri,1726050,919795,806255,900846,434618,66759,367859,1106084,389652,227989
424,Madhya Pradesh,Tikamgarh,1445166,760355,684811,747940,382992,60220,322772,898323,343824,201875
425,Madhya Pradesh,Chhatarpur,1762375,936121,826254,943033,470917,95048,375869,1112636,394060,252417
426,Madhya Pradesh,Panna,1016520,533480,483040,552559,288923,32179,256744,635347,235035,144827
427,Madhya Pradesh,Sagar,2378458,1256257,1122201,1545719,613915,165507,448408,1470688,569166,335432
428,Madhya Pradesh,Damoh,1264219,661873,602346,747715,369901,66514,303387,768929,312593,181403
429,Madhya Pradesh,Satna,2228935,1157495,1071440,1371781,576004,114173,461831,1365647,535086,326049
430,Madhya Pradesh,Rewa,2365106,1225100,1140006,1441757,618399,94489,523910,1460075,540235,362228
431,Madhya Pradesh,Umaria,644758,330674,314084,356672,168066,29966,138100,403030,158140,82984
432,Madhya Pradesh,Neemuch,826067,422653,403414,508834,242197,67962,174235,476995,217403,131227
433,Madhya Pradesh,Mandsaur,1340411,682851,657560,834591,384119,81832,302287,781000,346861,211815
434,Madhya Pradesh,Ratlam,1455069,738241,716828,825880,373867,107151,266716,876905,363858,213560
435,Madhya Pradesh,Ujjain,1986864,1016289,970575,1240990,489449,188684,300765,1156749,508302,320502
436,Madhya Pradesh,Shajapur,1512681,780520,732161,894612,386608,73997,312611,901161,369741,240768
437,Madhya Pradesh,Dewas,1563715,805359,758356,925369,376009,101014,274995,943954,388648,230280
438,Madhya Pradesh,Dhar,2185793,1112725,1073068,1077338,515712,103364,412348,1377326,533243,273050
439,Madhya Pradesh,Indore,3276697,1699627,1577070,2309130,788318,587947,200371,1877270,894464,493096
440,Madhya Pradesh,Khargone (West Nimar),1873046,953121,919925,986234,460163,76620,383543,1166866,450248,254570
441,Madhya Pradesh,Barwani,1385881,699340,686541,549926,299270,48912,250358,923665,302833,158594
442,Madhya Pradesh,Rajgarh,1545814,790212,755602,804245,401717,69823,331894,935230,363218,246447
443,Madhya Pradesh,Vidisha,1458875,769568,689307,862918,376409,83830,292579,919239,335690,203005
444,Madhya Pradesh,Bhopal,2371061,1236130,1134931,1660690,700719,581826,118893,1405814,625594,330291
445,Madhya Pradesh,Sehore,1311332,683743,627589,780362,329647,59220,270427,817608,305605,187611
446,Madhya Pradesh,Raisen,1331597,700358,631239,820220,325713,74441,251272,832939,316319,181524
447,Madhya Pradesh,Betul,1575362,799236,776126,939769,406649,87704,318945,938819,392728,242592
448,Madhya Pradesh,Harda,570465,294838,275627,352550,144559,31845,112714,347774,138882,83417
449,Madhya Pradesh,Hoshangabad,1241350,648725,592625,810644,315396,105746,209650,730768,318232,191501
450,Madhya Pradesh,Katni,1292042,662013,630029,790773,349031,72880,276151,778414,326582,185857
451,Madhya Pradesh,Jabalpur,2463289,1277278,1186011,1756468,624761,352477,272284,1387369,679185,391903
452,Madhya Pradesh,Narsimhapur,1091854,568810,523044,718785,283718,53059,230659,620415,289560,180831
453,Madhya Pradesh,Dindori,704524,351913,352611,378714,227795,9774,218021,419531,181841,102522
454,Madhya Pradesh,Mandla,1054905,525272,529633,604962,316932,37258,279674,614794,278553,160510
455,Madhya Pradesh,Chhindwara,2090922,1064468,1026454,1294198,553944,140802,413142,1232263,535316,321977
456,Madhya Pradesh,Seoni,1379131,695879,683252,864194,382587,47542,335045,809922,363037,205237
457,Madhya Pradesh,Balaghat,1701698,842178,859520,1147623,470867,70793,400074,969773,453605,276799
458,Madhya Pradesh,Guna,1241519,649362,592157,653980,285085,72320,212765,793150,285176,162104
459,Madhya Pradesh,Ashoknagar,845071,443837,401234,469109,206741,37135,169606,535410,194772,114131
460,Madhya Pradesh,Shahdol,1066063,540021,526042,604194,291440,57846,233594,645619,269145,150655
461,Madhya Pradesh,Anuppur,749237,379114,370123,436595,207713,60325,147388,444954,193520,109813
462,Madhya Pradesh,Sidhi,1127033,575912,551121,600785,276869,25916,250953,721531,253685,150959
463,Madhya Pradesh,Singrauli,1178273,613637,564636,585054,287325,58593,228732,771725,267189,138276
464,Madhya Pradesh,Jhabua,1025048,515023,510025,352081,235793,24713,211080,684200,220769,119681
465,Madhya Pradesh,Alirajpur,728999,362542,366457,209754,150528,14662,135866,488848,155328,84149
466,Madhya Pradesh,Khandwa (East Nimar),1310061,674329,635732,731615,329088,63425,265663,809091,313456,186928
467,Madhya Pradesh,Burhanpur,757847,388504,369343,408679,178840,62861,115979,469838,181605,106034
468,Gujarat,Kachchh,2092371,1096737,995634,1252319,739275,250982,488293,1278604,524052,286086
469,Gujarat,Banas Kantha,3120506,1610379,1510127,1704923,804197,137424,666773,1984701,738412,394793
470,Gujarat,Patan,1343734,694397,649337,837913,404138,102655,301483,786357,341381,213465
471,Gujarat,Mahesana,2035064,1056520,978544,1502645,659743,183738,476005,1119451,554432,357578
472,Gujarat,Sabar Kantha,2428589,1244231,1184358,1578734,665533,121509,544024,1393131,630963,400905
473,Gujarat,Gandhinagar,1391753,723864,667889,1030494,433258,195634,237624,769329,391862,224886
474,Gujarat,Ahmadabad,7214225,3788051,3426174,5435760,2198552,1845383,353169,3952858,2043895,1198152
475,Gujarat,Surendranagar,1756268,909917,846351,1093626,500598,159810,340788,1033435,439352,280582
476,Gujarat,Rajkot,3804558,1974445,1830113,2725056,1181006,721532,459474,2080568,1052871,659576
477,Gujarat,Jamnagar,2160119,1114192,1045927,1396534,646325,299167,347158,1220598,576319,358455
478,Gujarat,Porbandar,585449,300209,285240,393678,183572,87557,96015,314886,163777,105638
479,Gujarat,Junagadh,2743082,1404356,1338726,1842818,776743,287506,489237,1527888,749156,461650
480,Gujarat,Amreli,1514190,771049,743141,995459,430613,116899,313714,836343,389892,282409
481,Gujarat,Bhavnagar,2880365,1490201,1390164,1887255,744077,356826,387251,1708938,720241,445121
482,Gujarat,Anand,2092745,1087224,1005521,1551253,621987,208909,413078,1134962,585093,366419
483,Gujarat,Kheda,2299885,1185727,1114158,1660243,622026,160547,461479,1260660,628221,388646
484,Gujarat,Panch Mahals,2390776,1226961,1163815,1440805,567601,104238,463363,1421859,599925,363391
485,Gujarat,Dohad,2127086,1068651,1058435,1007171,376504,52807,323697,1402616,467115,252153
486,Gujarat,Vadodara,4165626,2153736,2011890,2893080,1240425,692971,547454,2213474,1190041,733710
487,Gujarat,Narmada,590297,301086,289211,370336,160369,22248,138121,336830,157910,93466
488,Gujarat,Bharuch,1551019,805707,745312,1118276,481996,181319,300677,844298,442523,254728
489,Gujarat,The Dangs,228291,113821,114470,140968,59618,7516,52102,146095,51821,30027
490,Gujarat,Navsari,1329672,678165,651507,1001909,409156,141417,267739,673014,390349,258957
491,Gujarat,Valsad,1705678,887222,818456,1170657,498391,235981,262410,944532,485874,259906
492,Gujarat,Surat,6081322,3402224,2679098,4571410,1899838,1529998,369840,3563443,1740746,723415
493,Gujarat,Tapi,807022,402188,404834,490036,218489,26217,192272,422047,235019,144575
494,Daman And Diu,Diu,52074,25642,26432,38058,18850,9062,9788,30475,13932,7599
495,Daman And Diu,Daman,191173,124659,66514,150348,71079,61073,10006,122589,52868,15428
496,Dadra And Nagar Haveli,Dadra AND Nagar Haveli,343709,193760,149949,223230,108783,60562,48221,225103,87888,30346
497,Maharashtra,Nandurbar,1648295,833170,815125,906509,405012,71572,333440,1011352,390419,241534
498,Maharashtra,Dhule,2050862,1054031,996831,1293916,528790,146013,382777,1167569,513908,350747
499,Maharashtra,Jalgaon,4229917,2197365,2032552,2891882,1169788,373565,796223,2352671,1080237,763529
500,Maharashtra,Buldana,2586258,1337560,1248698,1879874,728192,152787,575405,1467457,641840,473071
501,Maharashtra,Akola,1813906,932334,881572,1411281,504235,196077,308158,998769,483200,327932
502,Maharashtra,Washim,1197160,620302,576858,869917,330846,55921,274925,682919,302425,210185
503,Maharashtra,Amravati,2888445,1480768,1407677,2251875,781815,272894,508921,1540590,783549,553265
504,Maharashtra,Wardha,1300774,668385,632389,1019458,388704,120218,268486,659540,370227,270107
505,Maharashtra,Nagpur,4653570,2384975,2268595,3673808,1308366,877522,430844,2460820,1361821,818467
506,Maharashtra,Bhandara,1200334,605520,594814,899860,356418,72575,283843,626978,333120,232754
507,Maharashtra,Gondiya,1322507,661554,660953,1004243,386515,66813,319702,704214,371908,244111
508,Maharashtra,Gadchiroli,1072942,541328,531614,708365,330840,37254,293586,605217,289448,175518
509,Maharashtra,Chandrapur,2204307,1123834,1080473,1578615,684655,233331,451324,1163802,629890,403719
510,Maharashtra,Yavatmal,2772348,1419965,1352383,2022574,798132,168889,629243,1549263,733258,483813
511,Maharashtra,Nanded,3361292,1730075,1631217,2189425,821682,230563,591119,2008314,809135,535827
512,Maharashtra,Hingoli,1177345,606294,571051,790743,284369,41913,242456,692117,281905,201828
513,Maharashtra,Parbhani,1836086,942870,893216,1157814,427239,133759,293480,1078349,436486,313455
514,Maharashtra,Jalna,1959046,1011473,947573,1195523,502830,98084,404746,1150104,454836,341479
515,Maharashtra,Aurangabad,3701282,1924469,1776813,2503837,979132,427343,551789,2211996,909771,571932
516,Maharashtra,Nashik,6107187,3157186,2950001,4345366,1668932,764271,904661,3580633,1567252,948469
517,Maharashtra,Thane,11060148,5865078,5195070,8227161,3618151,2904157,713994,6184519,3241888,1579921
518,Maharashtra,Mumbai Suburban,9356962,5031323,4325639,7575485,3078829,3078829,0,4936360,2812001,1575566
519,Maharashtra,Mumbai,3085411,1684608,1400803,2509022,1107321,1107321,0,1553005,933586,583243
520,Maharashtra,Raigarh,2634200,1344345,1289855,1939994,959028,377160,581868,1414154,748339,462741
521,Maharashtra,Pune,9429408,4924105,4505303,7171723,3222457,2056739,1165718,5184734,2624165,1586132
522,Maharashtra,Ahmadnagar,4543159,2342825,2200334,3151890,1323404,282011,1041393,2496560,1166245,865139
523,Maharashtra,Bid,2585049,1349106,1235943,1718507,698571,135457,563114,1473882,614615,494436
524,Maharashtra,Latur,2454196,1273140,1181056,1650672,585632,157016,428616,1406364,584243,453229
525,Maharashtra,Osmanabad,1657576,861535,796041,1137810,444990,77832,367158,917343,393539,343021
526,Maharashtra,Solapur,4317756,2227852,2089904,2910676,1156231,376302,779929,2402794,1089900,809935
527,Maharashtra,Satara,3003741,1510842,1492899,2225694,975471,200949,774522,1517324,800492,671702
528,Maharashtra,Ratnagiri,1615069,761121,853948,1199392,639362,100824,538538,777431,438905,396967
529,Maharashtra,Sindhudurg,849651,417332,432319,666067,340836,44989,295847,382024,242296,222963
530,Maharashtra,Kolhapur,3876001,1980658,1895343,2825845,1179314,382818,796496,1972486,1084858,801590
531,Maharashtra,Sangli,2822143,1435728,1386415,2049467,853673,226801,626872,1450907,752303,603739
532,Andhra Pradesh,Adilabad,2741239,1369597,1371642,1483347,817714,220248,597466,1536378,704551,422522
533,Andhra Pradesh,Nizamabad,2551335,1250641,1300694,1389810,720298,155133,565165,1399773,676401,437573
534,Andhra Pradesh,Karimnagar,3776269,1880800,1895469,2206829,1165280,288044,877236,1940234,1031735,728494
535,Andhra Pradesh,Medak,3033288,1523030,1510258,1637137,789132,195479,593653,1735769,779738,509368
536,Andhra Pradesh,Hyderabad,3943323,2018575,1924748,2892155,1066289,1066289,0,2249130,1068243,542669
537,Andhra Pradesh,Rangareddy,5296741,2701008,2595733,3538028,1561322,1129224,432098,2966988,1455864,738037
538,Andhra Pradesh,Mahbubnagar,4053028,2050386,2002642,1940646,1010015,161052,848963,2360874,1027525,637430
539,Andhra Pradesh,Nalgonda,3488809,1759772,1729037,2001019,1030937,197433,833504,1932349,897137,651748
540,Andhra Pradesh,Warangal,3512576,1759281,1753295,2065023,1046987,288249,758738,1891954,941452,664872
541,Andhra Pradesh,Khammam,2797370,1390988,1406382,1630234,870625,201363,669262,1530602,774583,477955
542,Andhra Pradesh,Srikakulam,2703114,1341738,1361376,1495381,902436,149684,752752,1423119,747385,528736
543,Andhra Pradesh,Vizianagaram,2344474,1161477,1182997,1238388,749514,157056,592458,1206366,666394,451469
544,Andhra Pradesh,Visakhapatnam,4290589,2138910,2151679,2568249,1379340,660493,718847,2274553,1245627,716066
545,Andhra Pradesh,East Godavari,5154296,2569688,2584608,3288577,1605841,406362,1199479,2724328,1478954,948122
546,Andhra Pradesh,West Godavari,3936966,1964918,1972048,2652389,1255628,248373,1007255,2051513,1127764,755533
547,Andhra Pradesh,Krishna,4517398,2267375,2250023,3009718,1476334,567042,909292,2340943,1284630,833959
548,Andhra Pradesh,Guntur,4887813,2440521,2447292,2960441,1582990,513113,1069877,2583462,1371811,928462
549,Andhra Pradesh,Prakasam,3397448,1714764,1682684,1904435,1087575,214089,873486,1832695,917391,641707
550,Andhra Pradesh,Sri Potti Sriramulu Nellore,2963557,1492974,1470583,1832189,953513,264376,689137,1574713,840448,544022
551,Andhra Pradesh,Y.S.R.,2882469,1451777,1430692,1716766,884093,293504,590589,1553667,793583,530412
552,Andhra Pradesh,Kurnool,4053463,2039227,2014236,2127161,1090835,306982,783853,2368684,1053618,609027
553,Andhra Pradesh,Anantapur,4081148,2064495,2016653,2310960,1244428,341431,902997,2189396,1104565,739612
554,Andhra Pradesh,Chittoor,4174064,2090204,2083860,2667878,1303870,395900,907970,2148179,1159053,807430
555,Karnataka,Belgaum,4779661,2423063,2356598,3052032,1318975,356198,962777,2669348,1251116,857143
556,Karnataka,Bagalkot,1889752,950111,939641,1113412,490657,165858,324799,1123443,465706,299774
557,Karnataka,Bijapur,2177331,1111022,1066309,1248268,527490,131041,396449,1295274,527085,353549
558,Karnataka,Bidar,1703300,870665,832635,1042673,389403,102269,287134,1018195,397120,287271
559,Karnataka,Raichur,1928812,964511,964301,979769,455848,125402,330446,1196670,465173,265810
560,Karnataka,Koppal,1389920,699926,689994,809085,337649,64681,272968,855430,330393,202984
561,Karnataka,Gadag,1064570,537147,527423,700177,291972,111906,180066,601578,279069,183409
562,Karnataka,Dharwad,1847023,937206,909817,1301664,483104,283397,199707,1017935,505688,322577
563,Karnataka,Uttara Kannada,1437169,726256,710913,1081906,474792,140511,334281,742281,412649,281542
564,Karnataka,Haveri,1597668,819128,778540,1085443,413564,98488,315076,904453,426094,266586
565,Karnataka,Bellary,2452595,1236954,1215641,1421621,623480,251876,371604,1487013,617276,346905
566,Karnataka,Chitradurga,1659456,840843,818613,1087392,447348,97644,349704,891230,460057,306412
567,Karnataka,Davanagere,1945497,986400,959097,1308540,530691,176011,354680,1068518,538551,336173
568,Karnataka,Shimoga,1752753,877415,875338,1263016,554106,201662,352444,913150,513297,325542
569,Karnataka,Udupi,1177361,562131,615230,926429,385389,115572,269817,559565,340903,276234
570,Karnataka,Chikmagalur,1137961,566622,571339,818345,392426,80766,311660,564994,341380,230864
571,Karnataka,Tumkur,2678980,1350594,1328386,1813391,890242,204799,685443,1351461,760936,564196
572,Karnataka,Bangalore,9621551,5022661,4598890,7512276,3267960,2967384,300576,5275666,2909575,1424195
573,Karnataka,Mandya,1805769,905085,900684,1149649,562302,103435,458867,902307,527236,375100
574,Karnataka,Hassan,1776421,883667,892754,1225256,628981,132878,496103,877340,522039,375918
575,Karnataka,Dakshina Kannada,2089649,1034714,1054935,1666323,650292,317373,332919,1072417,608450,407902
576,Karnataka,Kodagu,554519,274608,279911,412877,212974,31792,181182,276918,163360,113919
577,Karnataka,Mysore,3001127,1511600,1489527,1962180,920982,380386,540596,1580116,865220,553705
578,Karnataka,Chamarajanagar,1020791,512231,508560,565279,319880,57200,262680,519046,294903,206003
579,Karnataka,Gulbarga,2566326,1301755,1264571,1427368,600007,199303,400704,1570719,604665,388935
580,Karnataka,Yadgir,1174271,590329,583942,510003,262995,55208,207787,738451,267222,168186
581,Karnataka,Kolar,1536401,776396,760005,1016219,477609,151042,326567,841499,419380,274240
582,Karnataka,Chikkaballapura,1255104,636437,618667,783222,409702,94053,315649,666451,350299,236864
583,Karnataka,Bangalore Rural,990923,509172,481751,688749,326462,95410,231052,535765,278153,176083
584,Karnataka,Ramanagara,1082636,548008,534628,674758,351784,84834,266950,559082,297330,224785
585,Goa,North Goa,818008,416677,401331,663060,325089,209230,115859,380926,260533,175035
586,Goa,South Goa,640537,322463,318074,502427,251493,162873,88620,314480,194872,130605
587,Lakshadweep,Lakshadweep,64473,33123,31350,52553,21242,15953,5289,33877,19244,11237
588,Kerala,Kasaragod,1307375,628613,678762,1037492,417805,166164,251641,688763,369883,246975
589,Kerala,Kannur,2523003,1181446,1341557,2138434,872479,566191,306288,1187177,741984,588081
590,Kerala,Wayanad,817420,401684,415736,645585,277988,11805,266183,412806,246590,157326
591,Kerala,Kozhikode,3086293,1470942,1615351,2615443,990336,666543,323793,1487644,909581,686109
592,Kerala,Malappuram,4112920,1960328,2152592,3311315,1157129,522586,634543,2406005,1041361,662311
593,Kerala,Palakkad,2809934,1359478,1450456,2239492,894341,228442,665899,1395222,802611,608966
594,Kerala,Thrissur,3121200,1480763,1640437,2678548,1051867,715119,336748,1394214,931841,792182
595,Kerala,Ernakulam,3282388,1619557,1662831,2855676,1174691,804997,369694,1396968,1024720,858010
596,Kerala,Idukki,1108974,552808,556166,923010,412433,20823,391610,494456,352163,261471
597,Kerala,Kottayam,1974551,968289,1006262,1749798,678161,196194,481967,811653,596302,565048
598,Kerala,Alappuzha,2127789,1013142,1114647,1852797,723536,392117,331419,891512,648522,585591
599,Kerala,Pathanamthitta,1197412,561716,635696,1062553,472840,57848,414992,479207,346161,370887
600,Kerala,Kollam,2635375,1246968,1388407,2240273,925130,401415,523715,1177359,795245,660965
601,Kerala,Thiruvananthapuram,3301427,1581678,1719749,2785408,1169117,609824,559293,1488441,989238,820024
602,Tamil Nadu,Thiruvallur,3728104,1876062,1852042,2791721,1119433,732196,387237,1925296,1154775,643614
603,Tamil Nadu,Chennai,4646732,2335844,2310888,3776276,1314125,1314125,0,2271657,1468902,899279
604,Tamil Nadu,Kancheepuram,3998252,2012958,1985294,3013382,1213504,774705,438799,2076492,1200284,715895
605,Tamil Nadu,Vellore,3936331,1961688,1974643,2773928,1140300,486801,653499,2096113,1116437,720713
606,Tamil Nadu,Tiruvannamalai,2464875,1235889,1228986,1626813,710163,147061,563102,1301347,683904,477668
607,Tamil Nadu,Viluppuram,3458873,1740819,1718054,2195776,967314,159272,808042,1881463,949892,624042
608,Tamil Nadu,Salem,3482056,1781571,1700485,2285562,1170352,597539,572813,1737345,1029479,713294
609,Tamil Nadu,Namakkal,1726601,869280,857321,1176131,627484,257127,370357,817905,510413,397064
610,Tamil Nadu,Erode,2251744,1129868,1121876,1492662,843684,432398,411286,1006543,701326,542295
611,Tamil Nadu,The Nilgiris,735394,360143,375251,569647,264105,151979,112126,352516,231451,150804
612,Tamil Nadu,Dindigul,2159775,1080938,1078837,1481834,713542,269724,443818,1065734,647806,443528
613,Tamil Nadu,Karur,1064493,528184,536309,727044,364661,152420,212241,501585,320645,241843
614,Tamil Nadu,Tiruchirappalli,2722290,1352284,1370006,2038981,875727,423020,452707,1346661,797258,575960
615,Tamil Nadu,Perambalur,565223,282157,283066,375823,188592,33179,155413,291371,158218,115151
616,Tamil Nadu,Ariyalur,754894,374703,380191,480604,254277,30322,223955,380484,216103,157771
617,Tamil Nadu,Cuddalore,2605914,1311697,1294217,1815281,758209,260780,497429,1364411,764669,473617
618,Tamil Nadu,Nagapattinam,1616450,798127,818323,1213008,517740,118724,399016,828444,463326,323706
619,Tamil Nadu,Thiruvarur,1264277,626693,637584,946471,408179,86848,321331,627880,377118,257116
620,Tamil Nadu,Thanjavur,2405890,1182416,1223474,1790998,753372,274302,479070,1193095,712017,499235
621,Tamil Nadu,Pudukkottai,1618345,803188,815157,1110545,503941,104229,399712,835853,470428,311175
622,Tamil Nadu,Sivaganga,1339101,668672,670429,959744,452417,143193,309224,666218,391356,280462
623,Tamil Nadu,Madurai,3038252,1526475,1511777,2273430,1010441,592723,417718,1528178,913715,593827
624,Tamil Nadu,Theni,1245899,625683,620216,870080,410623,221295,189328,618923,373564,252267
625,Tamil Nadu,Virudhunagar,1942288,967709,974579,1398788,734724,370942,363782,987538,575006,378174
626,Tamil Nadu,Ramanathapuram,1353445,682658,670787,978946,417239,126761,290478,708322,389764,252888
627,Tamil Nadu,Thoothukkudi,1750176,865021,885155,1349697,636739,300661,336078,887717,499377,361374
628,Tamil Nadu,Tirunelveli,3077233,1520912,1556321,2273457,1064667,516705,547962,1554277,876129,644563
629,Tamil Nadu,Kanniyakumari,1870374,926345,944029,1548738,598041,493788,104253,887052,556548,425849
630,Tamil Nadu,Dharmapuri,1506843,774303,732540,917709,487926,91107,396819,804186,434328,267536
631,Tamil Nadu,Krishnagiri,1879809,960232,919577,1187958,580540,142552,437988,1034474,533183,311238
632,Tamil Nadu,Coimbatore,3458045,1729297,1728748,2635907,1169752,884957,284795,1579517,1117221,757738
633,Tamil Nadu,Tiruppur,2479052,1246159,1232893,1760566,894908,538022,356886,1177987,794639,504674
634,Pondicherry,Yanam,55626,27301,28325,39274,15519,15519,0,31973,15235,8402
635,Pondicherry,PONDICHERRY,950289,468258,482031,726649,291037,203741,87296,473705,299746,176204
636,Pondicherry,Mahe,41816,19143,22673,36470,12110,12110,0,19760,12543,9428
637,Pondicherry,Karaikal,200222,97809,102413,154916,69333,33715,35618,102333,60089,37434
638,Andaman And Nicobar Islands,Nicobars,36842,20727,16115,25332,15958,0,15958,18786,12088,5922
639,Andaman And Nicobar Islands,North  AND Middle Andaman,105597,54861,50736,78683,40185,1094,39091,57350,30741,17464
640,Andaman And Nicobar Islands,South Andaman,238142,127283,110859,190266,85532,50631,34901,128402,76332,33128
