state,district,lat,lon,area_km2,population_2011,census_match,density_2011
Andaman and Nicobar,Andaman Islands,12.2943,92.7852,5920.3,343739,North  AND Middle Andaman (639); South Andaman (640),58.1
Andaman and Nicobar,Nicobar Islands,7.5244,93.5996,1738.1,36842,Nicobars (638),21.2
Andhra Pradesh,Adilabad,19.2544,78.9667,16125.8,2741239,Adilabad (532),170.0
Andhra Pradesh,Anantapur,14.4751,77.5708,19354.7,4081148,Anantapur (553),210.9
Andhra Pradesh,Chittoor,13.4566,79.0039,15268.2,4174064,Chittoor (554),273.4
Andhra Pradesh,Cuddapah,14.4507,78.7743,15236.8,2882469,Y.S.R. (551),189.2
Andhra Pradesh,East Godavari,17.1839,82.001,10836.6,5154296,East Godavari (545),475.6
Andhra Pradesh,Guntur,16.2914,80.0813,11499.0,4887813,Guntur (548),425.1
Andhra Pradesh,Hyderabad,17.3856,78.4641,179.0,3943323,Hyderabad (536),22029.7
Andhra Pradesh,Karimnagar,18.5462,79.2347,11966.6,3776269,Karimnagar (534),315.6
Andhra Pradesh,Khammam,17.59,80.6791,16180.8,2797370,Khammam (541),172.9
Andhra Pradesh,Krishna,16.5504,80.7929,8683.0,4517398,Krishna (547),520.3
Andhra Pradesh,Kurnool,15.528,78.0,17889.2,4053463,Kurnool (552),226.6
Andhra Pradesh,Mahbubnagar,16.4934,78.1404,18463.6,4053028,Mahbubnagar (538),219.5
Andhra Pradesh,Medak,17.8849,78.2108,9810.6,3033288,Medak (535),309.2
Andhra Pradesh,Nalgonda,17.0619,79.2815,14169.2,3488809,Nalgonda (539),246.2
Andhra Pradesh,Nellore,14.4298,79.723,13196.7,2963557,Sri Potti Sriramulu Nellore (550),224.6
Andhra Pradesh,Nizamabad,18.524,78.1394,7954.9,2551335,Nizamabad (533),320.7
Andhra Pradesh,Prakasam,15.6114,79.5095,17909.0,3397448,Prakasam (549),189.7
Andhra Pradesh,Rangareddi,17.2864,78.1789,7592.1,5296741,Rangareddy (537),697.7
Andhra Pradesh,Srikakulam,18.5712,83.9793,6310.2,2703114,Srikakulam (542),428.4
Andhra Pradesh,Vishakhapatnam,17.8847,82.6819,11449.6,4290589,Visakhapatnam (544),374.7
Andhra Pradesh,Vizianagaram,18.4653,83.3638,5763.1,2344474,Vizianagaram (543),406.8
Andhra Pradesh,Warangal,17.95,79.7917,12874.2,3512576,Warangal (540),272.8
Andhra Pradesh,West Godavari,16.8869,81.3922,7811.1,3936966,West Godavari (546),504.0
Arunachal Pradesh,Changlang,27.3775,96.357,4964.6,149502,Changlang (253),30.1
Arunachal Pradesh,East Kameng,27.294,93.032,4104.8,79745,East Kameng (247),19.4
Arunachal Pradesh,East Siang,28.1179,95.1633,3629.3,100147,East Siang (251),27.6
Arunachal Pradesh,Kurung Kumey,28.038,93.3178,5742.9,93552,Kurung Kumey (256),16.3
Arunachal Pradesh,Lohit,27.9885,96.591,10427.9,148406,Lohit (259),14.2
Arunachal Pradesh,Lower Dibang Valley,28.364,95.8178,5586.8,55516,Lower Dibang Valley (258),9.9
Arunachal Pradesh,Lower Subansiri,27.6711,93.8723,3801.5,84007,Lower Subansiri (255),22.1
Arunachal Pradesh,Papum Pare,27.2746,93.5882,3546.4,177484,Papum Pare (248),50.0
Arunachal Pradesh,Tawang,27.6562,91.9142,2187.0,50539,Tawang (245),23.1
Arunachal Pradesh,Tirap,26.9549,95.4514,2126.5,112522,Tirap (254),52.9
Arunachal Pradesh,Upper Dibang Valley,28.9551,95.9428,7536.5,9941,Dibang Valley (257),1.3
Arunachal Pradesh,Upper Siang,28.8283,94.9082,7041.6,37130,Upper Siang (252),5.3
Arunachal Pradesh,Upper Subansiri,28.2917,93.9325,6436.5,85102,Upper Subansiri (249),13.2
Arunachal Pradesh,West Kameng,27.4334,92.5139,7384.2,85845,West Kameng (246),11.6
Arunachal Pradesh,West Siang,28.3141,94.5083,7842.3,114290,West Siang (250),14.6
Assam,Barpeta,26.4387,91.0257,3250.1,1838810,Barpeta (303),565.8
Assam,Bongaigaon,26.4898,90.6464,2315.3,842233,Bongaigaon (319),363.8
Assam,Cachar,24.8138,92.8575,3796.7,1906222,Cachar (316),502.1
Assam,Darrang,26.6062,92.0264,3583.2,1088568,Darrang (325),303.8
Assam,Dhemaji,27.5904,94.7802,2547.3,799926,Dhemaji (308),314.0
Assam,Dhuburi,26.1015,90.0291,2777.7,2073343,Dhubri (301),746.4
Assam,Dibrugarh,27.3714,95.0549,3407.1,1478536,Dibrugarh (310),434.0
Assam,Goalpara,26.048,90.6087,1909.4,1093479,Goalpara (302),572.7
Assam,Golaghat,26.4788,93.8369,3543.4,1225178,Golaghat (313),345.8
Assam,Hailakandi,24.4965,92.589,1339.9,719152,Hailakandi (318),536.7
Assam,Jorhat,26.7952,94.2741,2849.9,1219566,Jorhat (312),427.9
Assam,Kamrup,26.1355,91.5353,4357.1,1712182,Kamrup (321),393.0
Assam,Karbi Anglong,26.0682,93.1471,10466.7,1423880,Karbi Anglong (314),136.0
Assam,Karimganj,24.5787,92.3808,1818.7,1309931,Karimganj (317),720.3
Assam,Kokrajhar,26.5832,90.1966,3290.6,1034139,Kokrajhar (300),314.3
Assam,Lakhimpur,27.1744,94.135,2964.5,1174567,Lakhimpur (307),396.2
Assam,Marigaon,26.2857,92.2802,1560.6,1027138,Morigaon (304),658.2
Assam,Nagaon,26.2255,92.8417,4005.1,3002683,Nagaon (305),749.7
Assam,Nalbari,26.53,91.4351,2269.9,873040,Nalbari (323),384.6
Assam,North Cachar Hills,25.3801,93.034,4931.9,434419,Dima Hasao (315),88.1
Assam,Sibsagar,27.0123,94.8193,2643.7,1269149,Sivasagar (311),480.1
Assam,Sonitpur,26.7826,92.9273,5310.4,2161335,Sonitpur (306),407.0
Assam,Tinsukia,27.5843,95.6255,3809.4,1498102,Tinsukia (309),393.3
Bihar,Araria,26.2008,87.3462,2830.7,2832536,Araria (209),1000.6
Bihar,Aurangabad,24.7936,84.4045,3296.9,2564493,Aurangabad (235),777.8
Bihar,Banka,24.8519,86.8342,3105.4,2057765,Banka (225),662.6
Bihar,Begusarai,25.4956,86.1236,1946.8,2984961,Begusarai (222),1533.3
Bihar,Bhabua,24.9927,83.5985,3364.6,1651306,Kaimur (Bhabua) (233),490.8
Bihar,Bhagalpur,25.2692,87.0773,2571.2,3056811,Bhagalpur (224),1188.9
Bihar,Bhojpur,25.4704,84.5356,2383.3,2746060,Bhojpur (231),1152.2
Bihar,Buxar,25.4932,84.0935,1717.3,1719072,Buxar (232),1001.0
Bihar,Darbhanga,26.1147,86.0174,2298.3,3954408,Darbhanga (215),1720.6
Bihar,Gaya,24.6987,84.9284,4986.3,4428351,Gaya (236),888.1
Bihar,Gopalganj,26.4451,84.3683,2049.2,2577190,Gopalganj (217),1257.7
Bihar,Jamui,24.7855,86.2885,3096.6,1783341,Jamui (238),575.9
Bihar,Jehanabad,25.1589,84.881,1612.1,1137254,Jehanabad (239),705.4
Bihar,Katihar,25.5452,87.6389,3074.8,3093804,Katihar (212),1006.2
Bihar,Khagaria,25.5123,86.5962,1497.5,1677978,Khagaria (223),1120.5
Bihar,Kishanganj,26.2954,87.9291,1941.8,1704783,Kishanganj (210),877.9
Bihar,Lakhisarai,25.1597,86.1282,1341.9,1010851,Lakhisarai (227),753.3
Bihar,Madhepura,25.8261,86.8893,1846.8,2015441,Madhepura (213),1091.3
Bihar,Madhubani,26.4062,86.2118,3455.3,4512972,Madhubani (207),1306.1
Bihar,Munger,25.2111,86.527,1375.7,1377955,Munger (226),1001.6
Bihar,Muzaffarpur,26.1525,85.3225,3198.7,4824755,Muzaffarpur (216),1508.3
Bihar,Nalanda,25.2213,85.4484,2347.0,2895037,Nalanda (229),1233.5
Bihar,Nawada,24.811,85.5871,2496.3,2237636,Nawada (237),896.4
Bihar,Pashchim Champaran,27.0795,84.3368,5248.8,3973920,Pashchim Champaran (203),757.1
Bihar,Patna,25.4572,85.2143,3220.4,5862318,Patna (230),1820.4
Bihar,Purba Champaran,26.6207,84.9164,4005.1,5129037,Purba Champaran (204),1280.6
Bihar,Purnia,25.8161,87.4005,3259.6,3288763,Purnia (211),1008.9
Bihar,Rohtas,24.9807,84.0197,3884.8,2988693,Rohtas (234),769.3
Bihar,Saharsa,25.8169,86.5826,1696.0,1913223,Saharsa (214),1128.1
Bihar,Samastipur,25.7777,85.896,2917.7,4283177,Samastipur (221),1468.0
Bihar,Saran,25.9062,84.817,2656.5,3971539,Saran (219),1495.0
Bihar,Sheikhpura,25.1315,85.8146,606.7,640836,Sheikhpura (228),1056.3
Bihar,Sheohar,26.4848,85.3227,577.1,660521,Sheohar (205),1144.6
Bihar,Sitamarhi,26.5966,85.557,2064.0,3438862,Sitamarhi (206),1666.1
Bihar,Siwan,26.1629,84.3808,2234.5,3347015,Siwan (218),1497.9
Bihar,Supaul,26.2468,86.7919,2396.4,2246826,Supaul (208),937.6
Bihar,Vaishali,25.763,85.362,2017.2,3509962,Vaishali (220),1740.0
Chandigarh,Chandigarh,30.7338,76.7683,118.5,1055450,Chandigarh (55),8906.8
Chhattisgarh,Bastar,19.4365,81.5727,15031.2,1456819,Bastar (414),96.9
Chhattisgarh,Bilaspur,22.3498,81.9547,8378.8,2687944,Bilaspur (406),320.8
Chhattisgarh,Dantewada,18.6547,81.0517,17116.6,583309,Dakshin Bastar Dantewada (416),34.1
Chhattisgarh,Dhamtari,20.5531,81.8033,4083.7,811632,Dhamtari (412),198.7
Chhattisgarh,Durg,21.1894,81.3467,8655.9,3368991,Durg (409),389.2
Chhattisgarh,Janjgir-Champa,21.9244,82.7307,3892.6,1631003,Janjgir - Champa (405),419.0
Chhattisgarh,Jashpur,22.7988,83.8586,5852.1,868651,Jashpur (402),148.4
Chhattisgarh,Kanker,20.1341,81.1212,7194.1,769818,Uttar Bastar Kanker (413),107.0
Chhattisgarh,Kawardha,22.0912,81.2161,4244.0,834842,Kabeerdham (407),196.7
Chhattisgarh,Korba,22.5322,82.6039,6642.9,1225917,Korba (404),184.5
Chhattisgarh,Koriya,23.4693,82.2288,6666.1,678262,Koriya (400),101.7
Chhattisgarh,Mahasamund,21.2032,82.6037,4776.9,1046616,Mahasamund (411),219.1
Chhattisgarh,Raigarh,22.083,83.2989,7122.3,1514653,Raigarh (403),212.7
Chhattisgarh,Raipur,21.0688,82.1669,12527.5,4100226,Raipur (410),327.3
Chhattisgarh,Raj Nandgaon,21.0384,80.8123,8105.2,1560654,Rajnandgaon (408),192.5
Chhattisgarh,Surguja,23.3577,83.2117,15843.0,2405861,Surguja (401),151.9
Dadra and Nagar Haveli,Dadra and Nagar Haveli,20.1947,73.0809,494.0,343709,Dadra AND Nagar Haveli (496),695.8
Daman and Diu,Daman,20.4141,72.8421,15.7,191173,Daman (495),12176.6
Daman and Diu,Junagadh,20.8346,70.7941,543.4,52074,,95.8
Delhi,Delhi,28.6465,77.109,1507.7,16787941,,11134.8
Goa,North Goa,15.551,73.9841,1715.9,818008,North Goa (585),476.7
Goa,South Goa,15.1954,74.1204,2001.4,640537,South Goa (586),320.0
Gujarat,Ahmadabad,22.7273,72.2033,7778.1,7247925,Ahmadabad (474),931.8
Gujarat,Amreli,21.421,71.2637,7409.5,1546293,Amreli (480),208.7
Gujarat,Anand,22.4502,72.791,2895.4,2105290,Anand (482),727.1
Gujarat,Banas Kantha,24.281,72.0394,10664.6,3166713,Banas Kantha (469),296.9
Gujarat,Bharuch,21.7873,72.9229,5461.6,1574683,Bharuch (488),288.3
Gujarat,Bhavnagar,21.6838,71.8628,8445.7,2916958,Bhavnagar (481),345.4
Gujarat,Dahod,22.9101,74.0199,5248.8,2149828,Dohad (485),409.6
Gujarat,Gandhinagar,23.208,72.6996,1731.6,1399256,Gandhinagar (473),808.1
Gujarat,Jamnagar,22.2507,69.9249,11309.0,2209118,Jamnagar (477),195.3
Gujarat,Junagadh,21.2134,70.568,8271.5,2778920,Junagadh (479),336.0
Gujarat,Kachchh,23.6254,69.9673,42511.1,2276561,Kachchh (468),53.6
Gujarat,Kheda,22.8764,73.0235,4001.5,2317222,Kheda (483),579.1
Gujarat,Mahesana,23.5795,72.4964,4410.2,2054172,Mahesana (471),465.8
Gujarat,Narmada,21.7115,73.6575,2581.1,601480,Narmada (487),233.0
Gujarat,Navsari,20.8125,73.1034,2193.5,1339176,Navsari (490),610.5
Gujarat,Panch Mahals,22.8529,73.6085,3663.7,2406650,Panch Mahals (484),656.9
Gujarat,Patan,23.7679,71.8002,6038.1,1369896,Patan (470),226.9
Gujarat,Porbandar,21.6378,69.8021,2323.4,595516,Porbandar (478),256.3
Gujarat,Rajkot,22.255,70.7921,11203.6,3853100,Rajkot (476),343.9
Gujarat,Sabar Kantha,23.6582,73.1666,7470.9,2460958,Sabar Kantha (472),329.4
Gujarat,Surat,21.2342,73.3092,7578.2,6114156,Surat (492),806.8
Gujarat,Surendranagar,22.7947,71.5524,10504.6,1801782,Surendranagar (475),171.5
Gujarat,The Dangs,20.7986,73.7061,1720.0,235743,The Dangs (489),137.1
Gujarat,Vadodara,22.2264,73.5412,7773.8,4199308,Vadodara (486),540.2
Gujarat,Valsad,20.4183,73.1185,3071.8,1718987,Valsad (491),559.6
Haryana,Ambala,30.3585,76.9661,1758.9,1213228,Ambala (70),689.8
Haryana,Bhiwani,28.7241,75.9576,4652.0,1858934,Bhiwani (81),399.6
Haryana,Faridabad,28.1641,77.3231,2170.5,1914473,Faridabad (88),882.0
Haryana,Fatehabad,29.5793,75.5691,2408.2,1058222,Fatehabad (78),439.4
Haryana,Gurgaon,28.1685,76.9835,2764.4,1647832,Gurgaon (86),596.1
Haryana,Hisar,29.2204,75.8047,4183.5,1945812,Hisar (80),465.1
Haryana,Jhajjar,28.5924,76.6165,2119.9,1060704,Jhajjar (83),500.4
Haryana,Jind,29.4424,76.294,2742.5,1466495,Jind (77),534.7
Haryana,Kaithal,29.816,76.4078,2305.0,1185535,Kaithal (73),514.3
Haryana,Karnal,29.6969,76.8809,2593.4,1630472,Karnal (74),628.7
Haryana,Kurukshetra,30.0499,76.8297,1842.0,1053543,Kurukshetra (72),572.0
Haryana,Mahendragarh,28.1783,76.1363,1944.7,1015932,Mahendragarh (84),522.4
Haryana,Panchkula,30.7101,76.9585,740.3,597017,Panchkula (69),806.5
Haryana,Panipat,29.3374,76.9155,1228.9,1264739,Panipat (75),1029.2
Haryana,Rewari,28.2105,76.5553,1258.1,961043,Rewari (85),763.9
Haryana,Rohtak,28.9141,76.5111,1691.9,1142849,Rohtak (82),675.5
Haryana,Sirsa,29.6163,74.892,4245.0,1500037,Sirsa (79),353.4
Haryana,Sonepat,29.0655,76.8641,2221.5,1557203,Sonipat (76),701.0
Haryana,Yamuna Nagar,30.2575,77.3303,1309.4,1277392,Yamunanagar (71),975.6
Himachal Pradesh,Bilaspur,31.3753,76.6576,1169.6,381956,Bilaspur (30),326.6
Himachal Pradesh,Chamba,32.6783,76.3376,6479.7,519080,Chamba (23),80.1
Himachal Pradesh,Hamirpur,31.6705,76.511,1124.8,454768,Hamirpur (28),404.3
Himachal Pradesh,Kangra,32.1103,76.3022,5721.4,1510075,Kangra (24),263.9
Himachal Pradesh,Kinnaur,31.6014,78.3969,6475.2,84121,Kinnaur (34),13.0
Himachal Pradesh,Kullu,31.9078,77.3844,5518.3,437903,Kullu (26),79.4
Himachal Pradesh,Lahul and Spiti,32.4834,77.5992,13843.3,31564,Lahul AND Spiti (25),2.3
Himachal Pradesh,Mandi,31.6415,76.9779,3960.4,999777,Mandi (27),252.4
Himachal Pradesh,Shimla,31.2014,77.6178,5150.7,814010,Shimla (33),158.0
Himachal Pradesh,Sirmaur,30.6721,77.4174,2817.5,529855,Sirmaur (32),188.1
Himachal Pradesh,Solan,31.0466,76.8957,1962.3,580320,Solan (31),295.7
Himachal Pradesh,Una,31.5827,76.1957,1542.3,521173,Una (29),337.9
Jammu and Kashmir,Anantnag (Kashmir South),33.8039,75.3321,4409.1,1183694,Anantnag (14),268.5
Jammu and Kashmir,Bagdam,33.9454,74.7882,1256.8,783676,Badgam (2),623.5
Jammu and Kashmir,Baramula (Kashmir North),34.3569,74.668,5175.6,1131295,Baramula (8),218.6
Jammu and Kashmir,Doda,33.4387,75.9341,10653.0,663636,Doda (16),62.3
Jammu and Kashmir,Jammu,32.7355,74.8955,3652.4,1616939,Jammu (21),442.7
Jammu and Kashmir,Kargil,33.8133,76.6187,14445.1,484810,Kargil (4),33.6
Jammu and Kashmir,Kathua,32.5483,75.5896,2023.6,664627,Kathua (7),328.4
Jammu and Kashmir,Kupwara (Muzaffarabad),34.5413,74.2222,2742.0,935654,Kupwara (1),341.2
Jammu and Kashmir,Ladakh (Leh),33.9044,77.9592,48148.5,1280138,Leh(Ladakh) (3),26.6
Jammu and Kashmir,Pulwama,33.8398,75.0216,1044.0,585303,Pulwama (12),560.6
Jammu and Kashmir,Punch,33.7457,74.3432,3067.0,549875,Punch (5),179.3
Jammu and Kashmir,Rajauri,33.2612,74.4564,3224.0,719194,Rajouri (6),223.1
Jammu and Kashmir,Srinagar,34.2455,75.1026,1687.2,1277009,Srinagar (10),756.9
Jammu and Kashmir,Udhampur,33.0621,75.1885,4638.5,665450,Udhampur (19),143.5
Jharkhand,Bokaro,23.6917,85.9875,2883.2,2115442,Bokaro (355),733.7
Jharkhand,Chatra,24.1731,84.8802,3775.7,1112439,Chatra (347),294.6
Jharkhand,Deoghar,24.3268,86.7352,2451.8,1537238,Deoghar (350),627.0
Jharkhand,Dhanbad,23.8303,86.4708,2092.9,2723041,Dhanbad (354),1301.1
Jharkhand,Dumka,24.3183,87.2612,3792.4,1391302,Dumka (362),366.9
Jharkhand,Garhwa,24.1034,83.6897,4097.4,1398263,Garhwa (346),341.3
Jharkhand,Giridih,24.2969,86.1039,5018.6,2537922,Giridih (349),505.7
Jharkhand,Godda,24.8588,87.3063,2252.5,1355045,Godda (351),601.6
Jharkhand,Gumla,23.1007,84.5278,5391.3,1124527,Gumla (366),208.6
Jharkhand,Hazaribag,23.9796,85.4499,6190.9,1848538,Hazaribagh (360),298.6
Jharkhand,Jamtara,23.9753,86.9117,1812.9,824438,Jamtara (363),454.8
Jharkhand,Koderma,24.5185,85.7024,1327.9,740720,Kodarma (348),557.8
Jharkhand,Latehar,23.7172,84.4361,4283.7,805889,Latehar (359),188.1
Jharkhand,Lohardaga,23.4746,84.6631,1506.6,489543,Lohardaga (356),324.9
Jharkhand,Pakur,24.5619,87.6583,1823.0,934004,Pakur (353),512.3
Jharkhand,Palamu,24.2002,84.1586,4475.5,2022313,Palamu (358),451.9
Jharkhand,Pashchim Singhbhum,22.4165,85.5135,7266.5,1636195,Pashchimi Singhbhum (368),225.2
Jharkhand,Purba Singhbhum,22.5792,86.4472,3594.5,2360134,Purbi Singhbhum (357),656.6
Jharkhand,Ranchi,23.2114,85.3303,7693.4,3055974,Ranchi (364),397.2
Jharkhand,Sahibganj,25.007,87.6744,2209.7,1191272,Sahibganj (352),539.1
Jharkhand,Saraikela Kharsawan,22.8421,85.9457,2665.7,1114161,Saraikela-Kharsawan (369),418.0
Jharkhand,Simdega,22.5777,84.5596,3808.6,669737,Simdega (367),175.8
Karnataka,Bagalkot,16.218,75.6265,6591.9,2010012,Bagalkot (556),304.9
Karnataka,Bangalore Rural,12.8874,77.4224,5844.8,1097553,Bangalore Rural (583),187.8
Karnataka,Bangalore Urban,12.9423,77.5868,2192.6,9661552,Bangalore (572),4406.4
Karnataka,Belgaum,16.1178,74.8279,13408.3,5024277,Belgaum (555),374.7
Karnataka,Bellary,15.105,76.5306,8475.8,2607224,Bellary (565),307.6
Karnataka,Bidar,17.9502,77.2235,5463.2,1802968,Bidar (558),330.0
Karnataka,Bijapur,16.7915,75.9534,10540.7,2369631,Bijapur (557),224.8
Karnataka,Chamrajnagar,11.9487,77.0904,5688.5,1124570,Chamarajanagar (578),197.7
Karnataka,Chikmagalur,13.4494,75.6896,7232.4,1269906,Chikmagalur (570),175.6
Karnataka,Chitradurga,14.1621,76.5125,8474.1,1814054,Chitradurga (566),214.1
Karnataka,Dakshin Kannad,12.8331,75.2668,4588.0,2173351,Dakshina Kannada (575),473.7
Karnataka,Davanagere,14.3515,75.9313,6648.5,2066790,Davanagere (567),310.9
Karnataka,Dharwad,15.3865,75.1563,4286.6,1925226,Dharwad (562),449.1
Karnataka,Gadag,15.4278,75.6667,4656.0,1149512,Gadag (561),246.9
Karnataka,Gulbarga,17.0518,76.8814,16315.3,2863976,Gulbarga (579),175.5
Karnataka,Hassan,12.9896,76.1049,6833.3,1901085,Hassan (574),278.2
Karnataka,Haveri,14.7345,75.4185,4822.2,1685642,Haveri (564),349.6
Karnataka,Kodagu,12.3187,75.7992,4119.8,629679,Kodagu (576),152.8
Karnataka,Kolar,13.3559,78.0123,8251.9,1686945,Kolar (581),204.4
Karnataka,Koppal,15.558,76.2204,5585.5,1491820,Koppal (560),267.1
Karnataka,Mandya,12.6036,76.7905,4956.3,1896190,Mandya (573),382.6
Karnataka,Mysore,12.2022,76.4361,6335.1,3116702,Mysore (577),492.0
Karnataka,Raichur,16.0856,76.8901,8485.9,2083625,Raichur (559),245.5
Karnataka,Shimoga,14.0523,75.1761,7779.4,1894677,Shimoga (568),243.6
Karnataka,Tumkur,13.5133,76.9413,10656.2,2873388,Tumkur (571),269.6
Karnataka,Udupi,13.4648,74.8828,3925.5,1248976,Udupi (569),318.2
Karnataka,Uttar Kannand,14.7876,74.6239,10348.6,1625965,Uttara Kannada (563),157.1
Kerala,Alappuzha,9.4135,76.446,1252.9,2127789,Alappuzha (598),1698.3
Kerala,Ernakulam,10.0553,76.4742,2264.4,3282388,Ernakulam (595),1449.6
Kerala,Idukki,9.8738,77.0133,5022.8,1108974,Idukki (596),220.8
Kerala,Kannur,11.9924,75.5361,2791.6,2523003,Kannur (589),903.8
Kerala,Kasaragod,12.4594,75.1525,1963.3,1307375,Kasaragod (588),665.9
Kerala,Kollam,8.9541,76.8677,2420.0,2635375,Kollam (600),1089.0
Kerala,Kottayam,9.6283,76.6487,2115.9,1974551,Kottayam (597),933.2
Kerala,Kozhikode,11.4808,75.8315,2286.8,3086293,Kozhikode (591),1349.6
Kerala,Malappuram,11.1293,76.1516,3523.7,4112920,Malappuram (592),1167.2
Kerala,Palakkad,10.7872,76.5483,4500.0,2809934,Palakkad (593),624.4
Kerala,Pattanamtitta,9.2761,76.9134,2651.0,1197412,Pathanamthitta (599),451.7
Kerala,Thiruvananthapuram,8.6062,77.0047,2056.1,3301427,Thiruvananthapuram (601),1605.7
Kerala,Thrissur,10.4656,76.3119,2959.4,3121200,Thrissur (594),1054.7
Kerala,Wayanad,11.7049,76.0916,2135.0,817420,Wayanad (590),382.9
Lakshadweep,Kavaratti,10.448,72.9399,35.1,64473,Lakshadweep (587),1836.8
Madhya Pradesh,Anuppur,23.1484,81.872,2034.8,761778,Anuppur (461),374.4
Madhya Pradesh,Ashoknagar,24.6141,77.8694,4744.2,874311,Ashoknagar (459),184.3
Madhya Pradesh,Balaghat,21.8813,80.3539,9299.4,1759013,Balaghat (457),189.2
Madhya Pradesh,Barwani,21.7896,75.0233,5454.3,1419498,Barwani (441),260.3
Madhya Pradesh,Betul,21.8798,77.867,10111.5,1637683,Betul (447),162.0
Madhya Pradesh,Bhind,26.4265,78.7149,4493.5,1730700,Bhind (420),385.2
Madhya Pradesh,Bhopal,23.4819,77.3918,2734.4,2387914,Bhopal (444),873.3
Madhya Pradesh,Burhanpur,21.3744,76.3691,3212.9,777649,Burhanpur (467),242.0
Madhya Pradesh,Chhatarpur,24.8022,79.6576,8750.5,1816307,Chhatarpur (425),207.6
Madhya Pradesh,Chhindwara,22.1234,78.85,11853.4,2163979,Chhindwara (455),182.6
Madhya Pradesh,Damoh,23.8163,79.5205,7389.8,1309765,Damoh (428),177.2
Madhya Pradesh,Datia,25.8453,78.6068,2531.8,802358,Datia (422),316.9
Madhya Pradesh,Dewas,22.7485,76.4543,6988.0,1606784,Dewas (437),229.9
Madhya Pradesh,Dhar,22.5002,75.1052,8169.1,2236142,Dhar (438),273.7
Madhya Pradesh,Dindori,22.8351,81.0456,6519.2,744704,Dindori (453),114.2
Madhya Pradesh,East Nimar,21.9388,76.57,7472.8,1356118,Khandwa (East Nimar) (466),181.5
Madhya Pradesh,Guna,24.5593,77.1959,6328.4,1280523,Guna (458),202.3
Madhya Pradesh,Gwalior,26.045,78.1388,4599.9,2060387,Gwalior (421),447.9
Madhya Pradesh,Harda,22.2371,77.118,3330.7,590993,Harda (448),177.4
Madhya Pradesh,Hoshangabad,22.5913,77.9844,6740.4,1282893,Hoshangabad (449),190.3
Madhya Pradesh,Indore,22.7163,75.7814,3928.3,3300908,Indore (439),840.3
Madhya Pradesh,Jabalpur,23.1743,79.945,4030.0,2488127,Jabalpur (451),617.4
Madhya Pradesh,Jhabua,22.6093,74.5233,6799.5,1066956,Jhabua (464),156.9
Madhya Pradesh,Katni,23.7037,80.3347,6190.8,1330198,Katni (450),214.9
Madhya Pradesh,Mandla,22.666,80.4473,6802.4,1096831,Mandla (454),161.2
Madhya Pradesh,Mandsaur,24.215,75.4041,5657.4,1375280,Mandsaur (433),243.1
Madhya Pradesh,Morena,26.4193,77.8609,5007.2,1996831,Morena (419),398.8
Madhya Pradesh,Narsinghpur,22.9374,79.0813,5168.3,1123708,Narsimhapur (452),217.4
Madhya Pradesh,Neemuch,24.6092,75.1432,4169.5,851765,Neemuch (432),204.3
Madhya Pradesh,Panna,24.425,80.1855,7143.8,1060550,Panna (426),148.5
Madhya Pradesh,Raisen,23.2207,78.1134,8530.2,1384172,Raisen (446),162.3
Madhya Pradesh,Rajgarh,23.8654,76.7311,6151.8,1583730,Rajgarh (442),257.4
Madhya Pradesh,Ratlam,23.5042,75.0901,4838.4,1484890,Ratlam (434),306.9
Madhya Pradesh,Rewa,24.7582,81.5815,6336.7,2404161,Rewa (430),379.4
Madhya Pradesh,Sagar,23.8519,78.7528,10303.2,2441960,Sagar (427),237.0
Madhya Pradesh,Satna,24.5361,80.8255,7530.4,2275347,Satna (429),302.2
Madhya Pradesh,Sehore,22.9948,77.1251,6597.1,1351992,Sehore (445),204.9
Madhya Pradesh,Seoni,22.3173,79.6839,8798.0,1433356,Seoni (456),162.9
Madhya Pradesh,Shahdol,23.4633,81.433,8357.8,1117575,Shahdol (460),133.7
Madhya Pradesh,Shajapur,23.5836,76.3431,6321.6,1551643,Shajapur (436),245.5
Madhya Pradesh,Sheopur,25.7581,77.0048,6550.8,728236,Sheopur (418),111.2
Madhya Pradesh,Shivpuri,25.3678,77.8061,10510.2,1790828,Shivpuri (423),170.4
Madhya Pradesh,Sidhi,24.22,82.148,10617.7,1192474,Sidhi (462),112.3
Madhya Pradesh,Tikamgarh,24.9931,78.9396,5082.3,1476490,Tikamgarh (424),290.5
Madhya Pradesh,Ujjain,23.3352,75.6673,6111.1,2024529,Ujjain (435),331.3
Madhya Pradesh,Umaria,23.6065,80.9136,3743.3,667829,Umaria (431),178.4
Madhya Pradesh,Vidisha,23.8969,77.8082,7340.0,1504114,Vidisha (443),204.9
Madhya Pradesh,West Nimar,21.9232,75.7745,8077.3,1922829,Khargone (West Nimar) (440),238.1
Maharashtra,Ahmednagar,19.2332,74.6455,16217.9,4543159,Ahmadnagar (522),280.1
Maharashtra,Akola,20.7503,77.0446,5542.0,1813906,Akola (501),327.3
Maharashtra,Amravati,21.1893,77.5687,12248.9,2888445,Amravati (503),235.8
Maharashtra,Aurangabad,20.0227,75.2759,10140.5,3701282,Aurangabad (515),365.0
Maharashtra,Bhandara,21.1599,79.869,4724.5,1200334,Bhandara (506),254.1
Maharashtra,Bid,18.9251,75.802,11472.6,2585049,Bid (523),225.3
Maharashtra,Buldana,20.5108,76.4043,9649.4,2586258,Buldana (500),268.0
Maharashtra,Chandrapur,20.1167,79.4378,11368.6,2204307,Chandrapur (509),193.9
Maharashtra,Dhule,21.1115,74.605,7194.6,2050862,Dhule (498),285.1
Maharashtra,Garhchiroli,19.7823,80.2342,14535.3,1072942,Gadchiroli (508),73.8
Maharashtra,Gondiya,21.1209,80.1548,4656.7,1322507,Gondiya (507),284.0
Maharashtra,Greater Bombay,19.1454,72.9232,879.7,12442373,Mumbai Suburban (518); Mumbai (519),14143.9
Maharashtra,Hingoli,19.6153,77.1166,4710.6,1177345,Hingoli (512),249.9
Maharashtra,Jalgaon,20.9374,75.4913,11811.7,4229917,Jalgaon (499),358.1
Maharashtra,Jalna,19.8197,75.9826,7811.5,1959046,Jalna (514),250.8
Maharashtra,Kolhapur,16.4668,74.1673,7698.7,3876001,Kolhapur (530),503.5
Maharashtra,Latur,18.3735,76.7595,7273.4,2454196,Latur (524),337.4
Maharashtra,Nagpur,21.1769,79.082,9974.6,4653570,Nagpur (505),466.5
Maharashtra,Nanded,19.1152,77.6206,10638.7,3361292,Nanded (511),315.9
Maharashtra,Nandurbar,21.5472,74.2199,5962.1,1648295,Nandurbar (497),276.5
Maharashtra,Nashik,20.26,74.0778,15588.7,6107187,Nashik (516),391.8
Maharashtra,Osmanabad,18.1882,76.0392,7591.0,1657576,Osmanabad (525),218.4
Maharashtra,Parbhani,19.2858,76.6815,6360.6,1836086,Parbhani (513),288.7
Maharashtra,Pune,18.5705,74.0766,15690.3,9429408,Pune (521),601.0
Maharashtra,Raigarh,18.5099,73.2302,7051.7,2634200,Raigarh (520),373.6
Maharashtra,Ratnagiri,17.2727,73.4605,8512.8,1615069,Ratnagiri (528),189.7
Maharashtra,Sangli,17.1107,74.7748,8580.6,2822143,Sangli (531),328.9
Maharashtra,Satara,17.6678,74.1811,10526.0,3003741,Satara (527),285.4
Maharashtra,Sindhudurg,16.1322,73.743,5199.6,849651,Sindhudurg (529),163.4
Maharashtra,Solapur,17.7888,75.4852,14944.9,4317756,Solapur (526),288.9
Maharashtra,Thane,19.6185,73.1656,9214.9,11060148,Thane (517),1200.2
Maharashtra,Wardha,20.7963,78.5827,6340.6,1300774,Wardha (504),205.1
Maharashtra,Washim,20.2384,77.2165,5216.8,1197160,Washim (502),229.5
Maharashtra,Yavatmal,20.0839,78.1581,13600.1,2772348,Yavatmal (510),203.8
Manipur,Bishnupur,24.5401,93.8028,483.1,237399,Bishnupur (275),491.4
Manipur,Chandel,24.2412,94.0955,3200.2,144182,Chandel (280),45.1
Manipur,Churachandpur,24.3038,93.421,4739.8,274143,Churachandpur (274),57.8
Manipur,East Imphal,24.8063,93.776,600.7,456113,Imphal East (278),759.3
Manipur,Senapati,25.2016,94.0413,3502.9,479148,Senapati (272),136.8
Manipur,Tamenglong,24.9514,93.5281,4214.0,140651,Tamenglong (273),33.4
Manipur,Thoubal,24.5361,93.9735,717.1,422168,Thoubal (276),588.7
Manipur,Ukhrul,25.0261,94.4356,4471.4,183998,Ukhrul (279),41.1
Manipur,West Imphal,24.8077,93.8776,490.2,517992,Imphal West (277),1056.7
Meghalaya,East Garo Hills,25.7354,90.6309,2944.7,317917,East Garo Hills (294),108.0
Meghalaya,East Khasi Hills,25.3855,91.801,2856.9,825922,East Khasi Hills (298),289.1
Meghalaya,Jaintia Hills,25.3709,92.3805,3810.1,395124,Jaintia Hills (299),103.7
Meghalaya,Ri-Bhoi,25.8752,91.8874,2394.7,258840,Ribhoi (297),108.1
Meghalaya,South Garo Hills,25.3025,90.5963,1851.3,142334,South Garo Hills (295),76.9
Meghalaya,West Garo Hills,25.5815,90.1456,3405.6,643291,West Garo Hills (293),188.9
Meghalaya,West Khasi Hills,25.5267,91.2581,5264.0,383461,West Khasi Hills (296),72.8
Mizoram,Aizawl,23.8366,92.8881,3467.0,400309,Aizawl (283),115.5
Mizoram,Champhai,23.5402,93.2373,3450.7,125745,Champhai (284),36.4
Mizoram,Kolasib,24.2006,92.7276,1354.9,83955,Kolasib (282),62.0
Mizoram,Lawngtlai,22.3858,92.7158,2003.7,117894,Lawngtlai (287),58.8
Mizoram,Lunglei,22.9741,92.7241,4543.5,161428,Lunglei (286),35.5
Mizoram,Mamit,23.7551,92.4678,3061.8,86364,Mamit (281),28.2
Mizoram,Saiha,22.3794,93.0146,1986.8,56574,Saiha (288),28.5
Mizoram,Serchhip,23.29,92.9471,1365.0,64937,Serchhip (285),47.6
Nagaland,Dimapur,25.7777,93.7874,870.2,390283,Dimapur (265),448.5
Nagaland,Kohima,25.6158,93.8316,3007.2,307632,Kohima (270),102.3
Nagaland,Mokokchung,26.4771,94.5317,1612.2,215876,Mokokchung (262),133.9
Nagaland,Mon,26.6846,95.0218,2176.9,278958,Mon (261),128.1
Nagaland,Phek,25.6523,94.5382,1918.8,188714,Phek (266),98.4
Nagaland,Tuensang,26.1374,94.8572,3867.7,247584,Tuensang (267),64.0
Nagaland,Wokha,26.1896,94.1926,1633.0,187871,Wokha (264),115.0
Nagaland,Zunheboto,26.0083,94.4866,1579.9,161585,Zunheboto (263),102.3
Orissa,Angul,20.981,84.9025,6400.3,1273821,Anugul (384),199.0
Orissa,Baleshwar,21.4889,86.9043,3723.7,2320529,Baleshwar (377),623.2
Orissa,Baragarh,21.2166,83.3463,5838.1,1481255,Bargarh (370),253.7
Orissa,Bhadrak,20.9786,86.6167,2465.5,1506337,Bhadrak (378),611.0
Orissa,Bolangir,20.5859,83.1666,6609.4,1648997,Balangir (393),249.5
Orissa,Boudh,20.6414,84.1707,3140.9,441162,Baudh (391),140.5
Orissa,Cuttack,20.4436,85.6985,3965.4,2624470,Cuttack (381),661.8
Orissa,Deogarh,21.4623,84.7973,2828.6,312520,Debagarh (373),110.5
Orissa,Dhenkanal,20.8201,85.5203,4504.5,1192811,Dhenkanal (383),264.8
Orissa,Gajapati,19.1651,84.1533,4090.7,577817,Gajapati (389),141.3
Orissa,Ganjam,19.6218,84.6587,8441.5,3529031,Ganjam (388),418.1
Orissa,Jagatsinghpur,20.2163,86.33,1680.5,1136971,Jagatsinghapur (380),676.6
Orissa,Jajpur,20.8497,86.1467,2918.3,1827192,Jajapur (382),626.1
Orissa,Jharsuguda,21.8028,83.9478,2130.3,579505,Jharsuguda (371),272.0
Orissa,Kalahandi,19.8619,83.1017,7960.8,1576869,Kalahandi (395),198.1
Orissa,Kandhamal,20.1226,84.0401,8108.3,733110,Kandhamal (390),90.4
Orissa,Kendrapara,20.5469,86.6046,2494.8,1440361,Kendrapara (379),577.3
Orissa,Keonjhar,21.5323,85.6992,8367.2,1801733,Kendujhar (375),215.3
Orissa,Khordha,20.0826,85.5052,2771.1,2251673,Khordha (386),812.6
Orissa,Koraput,18.8112,82.7072,8627.6,1379647,Koraput (398),159.9
Orissa,Malkangiri,18.2505,81.948,5862.8,613192,Malkangiri (399),104.6
Orissa,Mayurbhanj,21.8907,86.4059,10501.6,2519738,Mayurbhanj (376),239.9
Orissa,Nabarangpur,19.5825,82.33,5338.3,1220946,Nabarangapur (397),228.7
Orissa,Nayagarh,20.2062,84.9929,3919.8,962789,Nayagarh (385),245.6
Orissa,Nuapada,20.4615,82.5709,3890.4,610382,Nuapada (394),156.9
Orissa,Puri,19.8658,85.6984,3521.7,1698730,Puri (387),482.4
Orissa,Rayagada,19.355,83.5063,7423.6,967911,Rayagada (396),130.4
Orissa,Sambalpur,21.4475,84.2743,6774.4,1041099,Sambalpur (372),153.7
Orissa,Sonepur,20.927,83.8178,2374.1,610183,Subarnapur (392),257.0
Orissa,Sundargarh,22.0767,84.5039,9787.3,2093437,Sundargarh (374),213.9
Puducherry,Karaikal,10.9135,79.7965,193.4,200222,Karaikal (637),1035.3
Puducherry,Mahe,12.0742,75.2861,129.2,41816,Mahe (636),323.7
Puducherry,Puducherry,11.9093,79.7483,196.5,950289,PONDICHERRY (635),4836.1
Puducherry,Yanam,16.7173,82.241,31.7,55626,Yanam (634),1754.8
Punjab,Amritsar,31.5305,74.8664,4972.6,2758045,Amritsar (49),554.6
Punjab,Bathinda,30.1841,75.03,3373.8,1569942,Bathinda (46),465.3
Punjab,Faridkot,30.6111,74.7679,1452.7,695623,Faridkot (45),478.8
Punjab,Fatehgarh Sahib,30.6356,76.3495,1177.0,663453,Fatehgarh Sahib (40),563.7
Punjab,Firozpur,30.5616,74.3945,5233.3,2310481,Firozpur (43),441.5
Punjab,Gurdaspur,32.0226,75.3731,3586.9,2491199,Gurdaspur (35),694.5
Punjab,Hoshiarpur,31.6273,75.8446,3373.2,1768010,Hoshiarpur (38),524.1
Punjab,Jalandhar,31.2138,75.5537,2609.9,2333931,Jalandhar (37),894.3
Punjab,Kapurthala,31.3548,75.3898,1663.1,904597,Kapurthala (36),543.9
Punjab,Ludhiana,30.8107,75.8241,3582.8,3691395,Ludhiana (41),1030.3
Punjab,Mansa,29.9107,75.4284,2214.3,888819,Mansa (47),401.4
Punjab,Moga,30.7671,75.158,2310.2,1119971,Moga (42),484.8
Punjab,Muktsar,30.2946,74.5306,2607.1,1042086,Muktsar (44),399.7
Punjab,Nawan Shehar,31.1115,76.1429,1299.8,682203,Shahid Bhagat Singh Nagar (39),524.9
Punjab,Patiala,30.3094,76.398,3728.1,2096155,Patiala (48),562.3
Punjab,Rupnagar,30.9627,76.5386,2101.6,797635,Rupnagar (51),379.5
Punjab,Sangrur,30.2691,75.7511,5107.1,1929790,Sangrur (53),377.9
Rajasthan,Ajmer,26.228,74.7642,8683.7,2604999,Ajmer (119),300.0
Rajasthan,Alwar,27.5968,76.598,8326.8,3695224,Alwar (104),443.8
Rajasthan,Banswara,23.5091,74.3958,5068.3,1810294,Banswara (125),357.2
Rajasthan,Baran,25.0005,76.7519,6854.2,1240078,Baran (128),180.9
Rajasthan,Barmer,25.7302,71.479,28427.6,2675598,Barmer (115),94.1
Rajasthan,Bharatpur,27.2512,77.2708,5067.4,2561269,Bharatpur (105),505.4
Rajasthan,Bhilwara,25.4831,74.7269,10496.0,2435050,Bhilwara (122),232.0
Rajasthan,Bikaner,28.191,73.0766,27043.5,2432286,Bikaner (101),89.9
Rajasthan,Bundi,25.4743,75.7737,5596.8,1125051,Bundi (121),201.0
Rajasthan,Chittaurgarh,24.6177,74.7702,10650.0,1571254,Chittaurgarh (126),147.5
Rajasthan,Churu,28.2927,74.5616,17113.8,2082800,Churu (102),121.7
Rajasthan,Dausa,26.8661,76.5199,3602.7,1643514,Dausa (109),456.2
Rajasthan,Dhaulpur,26.6865,77.6956,3036.5,1214190,Dhaulpur (106),399.9
Rajasthan,Dungarpur,23.7342,73.8579,3793.1,1398139,Dungarpur (124),368.6
Rajasthan,Ganganagar,29.4078,73.5983,11723.4,1998797,Ganganagar (99),170.5
Rajasthan,Hanumangarh,29.2401,74.5969,8937.9,1797281,Hanumangarh (100),201.1
Rajasthan,Jaipur,26.9838,75.7183,11284.3,6654698,Jaipur (110),589.7
Rajasthan,Jaisalmer,27.0703,70.9005,38795.0,767968,Jaisalmer (114),19.8
Rajasthan,Jalor,25.0951,72.2169,10752.0,1855904,Jalor (116),172.6
Rajasthan,Jhalawar,24.3331,76.1937,6280.2,1427001,Jhalawar (129),227.2
Rajasthan,Jhunjhunun,28.0956,75.545,5933.2,2152040,Jhunjhunun (103),362.7
Rajasthan,Jodhpur,26.749,72.7878,22908.6,3745063,Jodhpur (113),163.5
Rajasthan,Karauli,26.5223,76.9396,5203.5,1471399,Karauli (107),282.8
Rajasthan,Kota,25.1286,76.1254,5524.6,1964977,Kota (127),355.7
Rajasthan,Nagaur,27.0664,74.1837,17714.9,3352515,Nagaur (112),189.2
Rajasthan,Pali,25.7087,73.521,12365.5,2068825,Pali (118),167.3
Rajasthan,Rajsamand,25.1974,73.8753,4609.6,1168247,Rajsamand (123),253.4
Rajasthan,Sawai Madhopur,26.1928,76.4444,4687.3,1347398,Sawai Madhopur (108),287.5
Rajasthan,Sikar,27.64,75.2813,7710.6,2696821,Sikar (111),349.8
Rajasthan,Sirohi,24.7584,72.779,5156.3,1049378,Sirohi (117),203.5
Rajasthan,Tonk,26.15,75.6673,7268.8,1439697,Tonk (120),198.1
Rajasthan,Udaipur,24.3919,73.7559,12764.2,3100680,Udaipur (130),242.9
Sikkim,East,27.293,88.6708,947.2,283583,East District (244),299.4
Sikkim,North Sikkim,27.7437,88.5264,4255.0,43709,North  District (241),10.3
Sikkim,South Sikkim,27.2871,88.3804,734.7,146850,South District (243),199.9
Sikkim,West Sikkim,27.3471,88.1739,1167.9,136435,West District (242),116.8
Tamil Nadu,Ariyalur,11.1467,79.2282,1962.4,754894,Ariyalur (616),384.7
Tamil Nadu,Chennai,13.0481,80.235,196.1,4646732,Chennai (603),23695.7
Tamil Nadu,Coimbatore,10.8368,77.072,7451.5,3458045,Coimbatore (632),464.1
Tamil Nadu,Cuddalore,11.5251,79.4452,3838.3,2605914,Cuddalore (617),678.9
Tamil Nadu,Dharmapuri,12.2956,78.0974,9706.6,1506843,Dharmapuri (630),155.2
Tamil Nadu,Dindigul,10.3793,77.805,6095.2,2159775,Dindigul (612),354.3
Tamil Nadu,Erode,11.3194,77.4469,8227.9,2251744,Erode (610),273.7
Tamil Nadu,Kancheepuram,12.6813,79.9362,4687.5,3998252,Kancheepuram (604),853.0
Tamil Nadu,Kanniyakumari,8.306,77.3465,1601.7,1870374,Kanniyakumari (629),1167.7
Tamil Nadu,Karur,10.8318,78.1184,2907.6,1064493,Karur (613),366.1
Tamil Nadu,Madurai,9.91,77.9896,3711.1,3038252,Madurai (623),818.7
Tamil Nadu,Nagapattinam,10.8633,79.7361,2419.5,1616450,Nagapattinam (618),668.1
Tamil Nadu,Namakkal,11.3053,78.1225,3421.6,1726601,Namakkal (609),504.6
Tamil Nadu,Nilgiris,11.4484,76.6328,2562.1,735394,The Nilgiris (611),287.0
Tamil Nadu,Perambalur,11.2605,78.8778,1763.1,565223,Perambalur (615),320.6
Tamil Nadu,Pudukkottai,10.3421,78.8666,4722.9,1618345,Pudukkottai (621),342.7
Tamil Nadu,Ramanathapuram,9.4429,78.6803,4288.8,1353445,Ramanathapuram (626),315.6
Tamil Nadu,Salem,11.6631,78.2092,5243.4,3482056,Salem (608),664.1
Tamil Nadu,Sivaganga,9.907,78.576,4091.5,1339101,Sivaganga (622),327.3
Tamil Nadu,Thanjavur,10.6552,79.2236,3415.6,2405890,Thanjavur (620),704.4
Tamil Nadu,Theni,9.8808,77.4239,2862.9,1245899,Theni (624),435.2
Tamil Nadu,Thiruvallur,13.2303,79.9252,3253.1,3728104,Thiruvallur (602),1146.0
Tamil Nadu,Thiruvarur,10.6693,79.5346,2533.4,1264277,Thiruvarur (619),499.0
Tamil Nadu,Thoothukudi,8.8774,77.9882,4744.8,1750176,Thoothukkudi (627),368.9
Tamil Nadu,Tiruchchirappalli,10.8767,78.5549,4533.1,2722290,Tiruchirappalli (614),600.5
Tamil Nadu,Tirunelveli Kattabo,8.7901,77.5231,6820.2,7436094,,1090.3
Tamil Nadu,Tiruvannamalai,12.4187,79.1545,6221.5,2464875,Tiruvannamalai (606),396.2
Tamil Nadu,Vellore,12.8006,78.9981,6104.9,3936331,Vellore (605),644.8
Tamil Nadu,Villupuram,11.9603,79.2845,7335.9,3458873,Viluppuram (607),471.5
Tamil Nadu,Virudhunagar,9.4806,77.8944,4316.8,1942288,Virudhunagar (625),449.9
Tripura,Dhalai,23.8504,91.9283,2217.7,378230,Dhalai (291),170.6
Tripura,North Tripura,24.1336,92.1536,2064.6,693947,North Tripura (292),336.1
Tripura,South Tripura,23.3709,91.6119,3215.2,876001,South Tripura (290),272.5
Tripura,West Tripura,23.8043,91.465,3004.0,1725739,West Tripura (289),574.5
Uttar Pradesh,Agra,27.0075,78.0629,3540.8,4418797,Agra (146),1248.0
Uttar Pradesh,Aligarh,27.9262,78.0772,3879.5,3673889,Aligarh (143),947.0
Uttar Pradesh,Allahabad,25.2999,81.9648,5166.2,5954391,Allahabad (175),1152.6
Uttar Pradesh,Ambedkar Nagar,26.4237,82.6598,2334.9,2397888,Ambedkar Nagar (178),1027.0
Uttar Pradesh,Auraiya,26.6499,79.4495,2186.9,1379545,Auraiya (162),630.8
Uttar Pradesh,Azamgarh,26.0552,83.0412,3914.4,4613913,Azamgarh (191),1178.7
Uttar Pradesh,Badaun,28.1214,78.9349,5095.8,3681896,Budaun (149),722.5
Uttar Pradesh,Baghpat,29.06,77.3026,1337.4,1303048,Baghpat (139),974.3
Uttar Pradesh,Bahraich,27.7415,81.4126,3703.7,3487731,Bahraich (180),941.7
Uttar Pradesh,Ballia,25.8775,84.0969,3021.0,3239774,Ballia (193),1072.4
Uttar Pradesh,Balrampur,27.4871,82.3688,3381.5,2148665,Balrampur (182),635.4
Uttar Pradesh,Banda,25.4712,80.5526,4543.4,1799410,Banda (170),396.0
Uttar Pradesh,Bara Banki,26.9167,81.3717,4449.8,3260699,Bara Banki (176),732.8
Uttar Pradesh,Bareilly,28.4555,79.4111,3795.3,4448359,Bareilly (150),1172.1
Uttar Pradesh,Basti,26.7899,82.6064,2526.8,2464464,Basti (185),975.3
Uttar Pradesh,Bijnor,29.3928,78.3868,4332.8,3682713,Bijnor (134),850.0
Uttar Pradesh,Bulandshahr,28.3667,77.9992,3592.8,3499171,Bulandshahr (142),973.9
Uttar Pradesh,Chandauli,25.1395,83.2528,2546.9,1952756,Chandauli (196),766.7
Uttar Pradesh,Chitrakoot,25.2089,81.0813,3098.5,991730,Chitrakoot (171),320.1
Uttar Pradesh,Deoria,26.4255,83.8274,2567.3,3100946,Deoria (190),1207.9
Uttar Pradesh,Etah,27.6346,78.7616,4495.8,1774480,Etah (201),394.7
Uttar Pradesh,Etawah,26.7895,79.0814,2161.4,1581810,Etawah (161),731.8
Uttar Pradesh,Faizabad,26.6347,82.0705,2108.5,2470996,Faizabad (177),1171.9
Uttar Pradesh,Farrukhabad,27.4363,79.4515,2192.7,1885204,Farrukhabad (159),859.8
Uttar Pradesh,Fatehpur,25.8779,80.7982,4195.8,2632733,Fatehpur (172),627.5
Uttar Pradesh,Firozabad,27.206,78.4567,2857.5,2498156,Firozabad (147),874.2
Uttar Pradesh,Gautam Buddha Nagar,28.3958,77.5374,1391.3,1648115,Gautam Buddha Nagar (141),1184.6
Uttar Pradesh,Ghaziabad,28.7446,77.6962,1982.6,4681645,Ghaziabad (140),2361.4
Uttar Pradesh,Ghazipur,25.6247,83.5476,3400.3,3620268,Ghazipur (195),1064.7
Uttar Pradesh,Gonda,27.0877,82.0125,4021.4,3433919,Gonda (183),853.9
Uttar Pradesh,Gorakhpur,26.6257,83.3599,3078.9,4440895,Gorakhpur (188),1442.4
Uttar Pradesh,Hamirpur,25.7366,79.8707,4280.7,1104285,Hamirpur (168),258.0
Uttar Pradesh,Hardoi,27.3344,80.1525,6033.5,4092845,Hardoi (155),678.4
Uttar Pradesh,Hathras,27.5761,78.144,1627.1,1564708,Mahamaya Nagar (144),961.7
Uttar Pradesh,Jalaun,26.0963,79.3797,4583.7,1689974,Jalaun (165),368.7
Uttar Pradesh,Jaunpur,25.7492,82.5671,4054.5,4494204,Jaunpur (194),1108.4
Uttar Pradesh,Jhansi,25.5106,78.9464,5089.7,1998603,Jhansi (166),392.7
Uttar Pradesh,Jyotiba Phule Nagar,28.8434,78.3491,2525.6,1840221,Jyotiba Phule Nagar (137),728.6
Uttar Pradesh,Kannauj,27.0177,79.6785,2083.2,1656616,Kannauj (160),795.2
Uttar Pradesh,Kanpur Dehat,26.428,79.9538,5054.0,1796184,Kanpur Dehat (163),355.4
Uttar Pradesh,Kanpur,26.3803,80.321,1062.7,6017987,,5662.9
Uttar Pradesh,Kaushambi,25.4915,81.459,2111.7,1599596,Kaushambi (174),757.5
Uttar Pradesh,Kushinagar,26.8647,83.9253,2899.0,3564544,Kushinagar (189),1229.6
Uttar Pradesh,Lakhimpur Kheri,28.1276,80.6565,7733.1,4021243,Kheri (153),520.0
Uttar Pradesh,Lalitpur,24.658,78.5554,5071.9,1221592,Lalitpur (167),240.9
Uttar Pradesh,Lucknow,26.8467,80.897,2550.1,4589838,Lucknow (157),1799.9
Uttar Pradesh,Maharajganj,27.1881,83.5008,3200.2,2684703,Mahrajganj (187),838.9
Uttar Pradesh,Mahoba,25.3524,79.6927,2848.4,875958,Mahoba (169),307.5
Uttar Pradesh,Mainpuri,27.1864,79.044,2761.5,1868529,Mainpuri (148),676.6
Uttar Pradesh,Mathura,27.6006,77.6208,3387.1,2547184,Mathura (145),752.0
Uttar Pradesh,Mau,26.0354,83.5028,2075.6,2205968,Mau (192),1062.8
Uttar Pradesh,Meerut,29.0416,77.7836,2614.8,3443689,Meerut (138),1317.0
Uttar Pradesh,Mirzapur,24.9878,82.6109,4532.9,2496970,Mirzapur (199),550.9
Uttar Pradesh,Moradabad,28.7606,78.702,3385.7,4772006,Moradabad (135),1409.5
Uttar Pradesh,Muzaffarnagar,29.4444,77.5808,4062.1,4143512,Muzaffarnagar (133),1020.0
Uttar Pradesh,Pilibhit,28.5478,79.9504,3605.7,2031007,Pilibhit (151),563.3
Uttar Pradesh,Pratapgarh,25.8764,81.8225,3731.6,3209141,Pratapgarh (173),860.0
Uttar Pradesh,Rae Bareli,26.2333,81.2222,4638.7,3405559,Rae Bareli (158),734.2
Uttar Pradesh,Rampur,28.8016,79.094,2579.4,2335819,Rampur (136),905.6
Uttar Pradesh,Saharanpur,29.9547,77.5353,3729.9,3466382,Saharanpur (132),929.3
Uttar Pradesh,Sant Kabir Nagar,26.7479,83.0301,1331.7,1715183,Sant Kabir Nagar (186),1288.0
Uttar Pradesh,Sant Ravi Das Nagar,25.351,82.4556,1013.4,1578213,Sant Ravidas Nagar (Bhadohi) (198),1557.3
Uttar Pradesh,Shahjahanpur,27.9817,79.8342,4669.1,3006538,Shahjahanpur (152),643.9
Uttar Pradesh,Shravasti,27.6784,81.8158,3166.6,1117361,Shrawasti (181),352.9
Uttar Pradesh,Siddharth Nagar,27.2328,82.8603,3493.1,2559297,Siddharthnagar (184),732.7
Uttar Pradesh,Sitapur,27.5232,80.847,5804.0,4483992,Sitapur (154),772.6
Uttar Pradesh,Sonbhadra,24.4036,83.0455,6816.0,1862559,Sonbhadra (200),273.3
Uttar Pradesh,Sultanpur,26.279,82.0108,4437.2,3797117,Sultanpur (179),855.7
Uttar Pradesh,Unnao,26.6143,80.55,4616.5,3108367,Unnao (156),673.3
Uttar Pradesh,Varanasi,25.3906,82.909,1558.2,3676841,Varanasi (197),2359.7
Uttaranchal,Almora,29.6952,79.489,3113.1,622506,Almora (64),200.0
Uttaranchal,Bageshwar,29.997,79.846,2289.2,259898,Bageshwar (63),113.5
Uttaranchal,Chamoli,30.4985,79.5583,7947.8,391605,Chamoli (57),49.3
Uttaranchal,Champawat,29.3031,80.0617,1690.7,259648,Champawat (65),153.6
Uttaranchal,Dehra Dun,30.4686,77.9598,3075.1,1696694,Dehradun (60),551.8
Uttaranchal,Haridwar,29.8773,77.9887,2393.7,1890422,Hardwar (68),789.7
Uttaranchal,Naini Tal,29.3168,79.455,4077.3,954605,Nainital (66),234.1
Uttaranchal,Pauri Garhwal,29.8987,78.7567,5469.9,687271,,125.6
Uttaranchal,Pithoragarh,30.1119,80.3336,7351.2,483439,Pithoragarh (62),65.8
Uttaranchal,Rudra Prayag,30.5948,79.0985,1218.5,242285,Rudraprayag (58),198.8
Uttaranchal,Tehri Garhwal,30.4429,78.5698,4402.4,618931,Tehri Garhwal (59),140.6
Uttaranchal,Udham Singh Nagar,29.043,79.4992,2873.0,1648902,Udham Singh Nagar (67),573.9
Uttaranchal,Uttarkashi,30.9782,78.5892,8071.9,330086,Uttarkashi (56),40.9
West Bengal,Bankura,23.1382,87.13,7000.3,3596674,Bankura (339),513.8
West Bengal,Barddhaman,23.4253,87.7633,7073.0,7717563,Barddhaman (335),1091.1
West Bengal,Birbhum,23.9517,87.6616,4572.4,3502404,Birbhum (334),766.0
West Bengal,Dakshin Dinajpur,25.3616,88.5926,2098.7,1676276,Dakshin Dinajpur (331),798.7
West Bengal,Darjiling,26.9143,88.3922,3159.3,1846823,Darjiling (327),584.6
West Bengal,East Midnapore,22.0267,87.7743,4002.0,5095875,Purba Medinipur (345),1273.3
West Bengal,Haora,22.5237,88.0646,1448.5,4850029,Haora (341),3348.3
West Bengal,Hugli,22.8816,88.0759,3167.0,5519145,Hugli (338),1742.7
West Bengal,Jalpaiguri,26.6626,89.0807,6219.1,3872846,Jalpaiguri (328),622.7
West Bengal,Kochbihar,26.2923,89.3495,3346.6,2819086,Koch Bihar (329),842.4
West Bengal,Kolkata,22.5517,88.3523,92.1,4496694,Kolkata (342),48824.0
West Bengal,Maldah,25.1357,88.0877,3629.5,3988845,Maldah (332),1099.0
West Bengal,Murshidabad,24.1614,88.2271,5403.4,7103807,Murshidabad (333),1314.7
West Bengal,Nadia,23.4763,88.5165,3919.7,5167600,Nadia (336),1318.4
West Bengal,North 24 Parganas,22.4619,88.7784,5842.1,10009781,North Twenty Four Parganas (337),1713.4
West Bengal,Puruliya,23.275,86.4126,6286.8,2930115,Puruliya (340),466.1
West Bengal,South 24 Parganas,22.1141,88.416,5560.1,8161961,South Twenty Four Parganas (343),1468.0
West Bengal,Uttar Dinajpur,25.8744,88.157,3370.2,3007134,Uttar Dinajpur (330),892.3
West Bengal,West Midnapore,22.4104,87.2624,9449.2,5913457,Paschim Medinipur (344),625.8
